,log2MIC_VAN,log2MIC_GEN,log2MIC_CAZ,log2MIC_CIP,log2MIC_AMC,log2MIC_ERY
0,5.469176851702703,,,,3.398087286783304,2.98176553589932
1,4.833452012045948,,,,3.026447078165184,4.572134626950945
2,-0.8763760340736562,,4.925111898421658,,,6.233227266178293
3,0.8521432036460823,,6.238700179386165,,,1.2854998423000055
4,0.19598337203516603,,6.802131292738392,,,3.3128230514876797
5,-0.2040222313598643,,3.088264771086692,,,1.9494450580923783
6,-1.5319392082515433,,6.930085092176213,,0.269038667399107,-2.179848395525694
7,-1.5320115684310533,,3.3445287210587895,,2.0652169587788416,-2.6796219313193155
8,-1.8257437279138664,,6.2575471505479525,-8.316330926002534,,5.1721257241466185
9,0.5985292095913042,,4.121339139987827,-5.500144416500378,,-3.6088556093703836
10,,,3.5287187875154897,,0.9917958189417584,-2.716675183029292
11,,,4.75942265987002,,0.24013808686879323,-3.6696424046873326
12,5.348053372239697,,,,3.3355573215201906,1.634348007670019
13,4.789885955791227,,,,3.976020161848944,4.988846793271499
14,4.720563202406018,,,,4.4523990376657006,2.717085739698974
15,4.4744456504175885,,-0.6401087359573494,-6.634046792863273,3.87355559902968,2.193501460282574
16,5.010866647419173,,-1.6842370729861855,-4.62069506797798,3.329378187972077,6.618115392861825
17,-0.1966526628973997,,5.57582638199821,,,1.1111481684604214
18,0.12421941803374437,,4.523807491731105,,,3.626664036895283
19,-1.9382408651323246,,3.2182618036275095,3.3073315150190417,2.247871512109075,1.1297626605175295
20,0.909729730129264,,5.397844630866791,-7.9023935840814135,,-4.71841504534126
21,2.6344207246413176,,,-3.4560797659549447,4.62532582964363,3.9015586611347555
22,5.523483079762499,,,-2.6327460467073314,5.748134952560872,4.006284626684656
23,5.487374157203599,,,-7.6639346147030345,5.587557626737699,2.929975317685454
24,0.4973288893360157,,6.609613122042987,,,1.7929712911629356
25,-1.3629781225564268,,4.532861575018016,,,-1.029207541477346
26,-1.4545203768798918,,3.865331251847401,-8.134202792687908,,-4.542631657694242
27,-1.4497817580560675,3.817265677086973,4.770309484255117,,,3.2583256762480426
28,-1.0872692560643542,0.6246493349347639,3.193451015810412,,2.4686089873219705,-4.765194680618786
29,-0.42572796258261447,-1.290280175252926,6.281950370293806,,6.974177101673391,5.033577876007652
30,-0.7041616659597909,0.18011030113213322,6.305363275117902,,1.692033608652758,-1.4930249341183037
31,-1.1263084892532365,1.938679046565419,5.35200192801722,,-0.8121395604926774,-3.833745314721589
32,2.1169894822632256,1.7495526273074569,-0.22880423834202057,-7.8060231124555015,3.587795479402058,5.694375008834959
33,5.303267065082371,-1.8272995351889714,-0.9558016307426298,-1.9786867248695232,3.847296773073521,4.184503952820659
34,2.515479784087522,-1.3407359174217968,-0.6264494021260074,-4.75800230958641,6.322948596993685,4.539006662510403
35,3.3404756568417207,2.0577324990763604,4.412411672412957,-0.5501944217670505,5.552532379180081,2.2036988033811706
36,-0.16443907592572593,5.03122034459601,6.199133493889574,,4.683041208572792,2.7239825134482656
37,4.974033117676261,-1.4730798955894029,1.3382881156704325,-5.243299791910872,3.441274437508905,1.971374264878523
38,2.643039886885079,0.903921221247719,1.7419384264139277,-8.115096742893643,3.0179580408485545,2.4957726415464707
39,-1.5815134522620466,4.677086749390818,5.218748179459816,,1.2652927719925373,-2.4193905880955464
40,-1.1235619695248946,1.271142370946481,6.303729265590887,,2.053180330974956,-3.7234621417993123
41,-0.9009108135397326,-1.1459499961133837,5.52583523679365,,-0.45398546014251817,-3.469993155397037
42,-0.6317869084546248,0.023413623417089857,6.1376219317308305,,-0.08531476887804834,-3.9949695168417194
43,0.3555291238788618,1.3628130313107671,5.394252045264933,,2.529980759319665,-3.6664829464940363
44,-1.4009740350274957,3.072496341251355,4.65656437851463,,-0.919510285259466,2.34932124047905
45,-0.45729388151850503,0.9312077210054637,6.831783447288462,-3.791308525300958,2.010909264781854,-3.391876086173065
46,,,,,,
47,-0.22275394133265602,6.171032491664604,5.164455382269475,,0.8950946884254958,-2.134788007800938
48,5.271868162130758,0.1689514636105638,-1.2570630130332197,4.516368250741166,3.0745106287185253,4.1166930649917655
49,5.328536772375758,0.361393125843785,-0.5099606526803684,0.49273555758604864,3.51039280964295,4.3761328501976795
50,4.029871112686787,0.03344502480264899,1.714522660318089,-2.0513915820806004,0.7870902316349571,6.6696845646410585
51,-1.8606432591259692,-0.8098021410393623,5.420358145379073,-0.2436432422492455,-0.9716110051094988,-2.982599168799311
52,-0.17736317952783098,3.276183793143745,3.881950698233815,-0.20586484426622786,4.90734847901687,-1.229060070030508
53,-1.4884228422247658,4.897020178719018,5.5026032252180705,1.1603939972066986,6.3020041121526456,-4.888859547760718
54,-1.8048398256732312,5.2427132589817,5.28643067518671,,2.277593444972003,-3.0169689521957253
55,0.8466569067297371,5.513705893466757,3.7393537387917903,,0.43930144969930107,-2.6875673864479133
56,0.896896297553263,0.260090481593499,3.238348559003693,,1.1630638502711392,-1.323908111940796
57,0.4251931500439545,5.7545265733827,5.417437350207686,,1.7092036764551055,-4.859318742716024
58,-1.086154679566847,4.013089668753381,6.054769120016278,,1.8105191637804758,-2.731099333092552
59,-1.7069784508553973,0.7555430035712993,5.093605569636337,,2.823920362318864,-1.5940935205689657
60,0.05270090175461317,1.4932923944673726,3.907090640719986,,1.1253611652121347,-4.076898305220668
61,-0.679539288030774,3.0399152851711246,5.666087966910522,3.5445004512262197,5.693755271586792,2.1734244628821124
62,-1.633880228951458,0.5451675147954342,3.3204230723292616,-0.5054014889530483,0.598879935939232,-1.5021102568824678
63,-0.5144663564489429,5.893774699292951,4.76733491986578,,2.8148146395497946,-4.9815513420780055
64,2.0255438452378334,1.0444875266849702,-1.752760743156813,-2.368510395303076,3.969439381187086,4.85005451944525
65,3.1481527898462565,-1.3597086131494545,-1.6305526497771017,-3.978497845429322,3.6932095975444983,5.9035557457446775
66,4.46770781166736,-0.15376699509360914,-1.3488312118355932,-8.365463387889594,3.070916358986634,4.361449099916966
67,-1.8968288643339215,-1.9626678037736238,3.6534671844694997,-8.069813701751295,1.5684419727526298,-2.0859253513463742
68,0.7279617295273242,,,,,-1.2714831079591469
69,-1.223655777790725,-1.013280194671537,3.7378363513116346,,0.19260345021419822,-2.3913817627289213
70,5.9247447188953455,0.9058484389781707,0.3808536724405742,-8.572313922832707,3.189361021979984,2.530022452407588
71,4.527254240861857,1.9672398526603294,-1.3981060135480483,-6.9142249066324695,3.771323184455718,2.575301912077432
72,-0.012431199432242135,5.142626481128549,3.809175940488626,,,1.2355190114582544
73,-1.0648627997756424,6.344470842383015,4.54682833877524,,,2.83266586030685
74,-0.43979316689016357,2.391033088765836,3.204600993594191,,6.059710079180917,5.467622258249738
75,3.039214591226032,-1.6032824032163795,1.87230571002675,-7.884510968884436,3.841439788550502,1.2851072303131947
76,-0.3598665461400645,-0.394019282717025,4.591173872316438,,4.682709815987654,2.3157722581882556
77,4.536022944402968,2.2342036471290494,-0.21313869808347374,-0.10525212547468743,6.65162503977348,5.237395203099098
78,4.1599416847786035,2.219554204716188,0.00607471802517856,-0.7323294497455874,7.41015497672022,5.695909533720977
79,-1.4454319294070888,1.2002850285408184,5.046829876515954,-0.5893996021107608,-0.49414049789683345,-3.276893684810049
80,0.908754058813751,-1.1838528681582208,4.933177233046392,-0.101402796843854,2.3702184601519507,-4.876680483785619
81,0.3253997677397906,0.22034236471095903,4.531136512918945,-0.10374298418887906,0.44872825152964313,-1.3242456972978527
82,0.818497173830177,0.9322867245024884,6.3565864612908065,,1.6418798651340432,3.7319108532761867
83,5.119381660008553,0.4639440170998299,-1.0133611894195527,-6.893764063246827,3.617694655132352,5.188446248665166
84,2.4279228773964445,-1.2478963758169523,-0.1161559372950911,-5.89805139974648,3.644423233753429,3.3277134534284274
85,5.044111696199066,-0.5784580053305381,0.6476564815662462,-1.4541457236528803,3.028337625609966,1.9594800761391116
86,4.165066480157528,1.1351683856291748,1.0047099837153415,-4.1033792758960885,3.8285302905038243,3.3888973952807016
87,5.85196802878379,0.21690862898371122,1.0154737512099972,-2.314444213063827,3.7882752463526157,4.479807224207953
88,3.3674889015241556,-1.979075805238617,0.31156688666907484,-3.307068578691802,3.259035277726629,6.688319728588969
89,0.6844826582099721,6.2855534838130405,3.581306923811124,,0.8832672043631207,-3.149985845842462
90,-0.2062977431405595,6.373304699405601,5.022787064266597,,-0.20427856942208977,-4.941152291857474
91,0.7656231559150635,1.0439644193793975,3.248165836974731,-8.068968581866647,1.4067475837702197,-2.258968379856281
92,-1.7345172337453738,-1.858749013244081,3.284622883016515,-3.103410631253708,-0.7572650139042244,1.4125063842860879
93,-1.4120467729456956,0.9829365982364366,5.295463475556083,-0.3142863243349663,0.6533715322189237,-3.1031425834164654
94,-1.8643126234959837,-1.1900731570388916,5.264073777814162,-0.14101904598205606,1.1864610668461324,-4.554147155436089
95,4.53048770503942,,,-6.773883162268789,,-4.189149409593004
96,-1.0240051143476498,1.832294162425766,6.5121340733728825,,0.7441895236971565,-4.797087885409821
97,-0.8339646031296395,-0.5282333473239826,,,1.994689426182051,-2.7278767932540946
98,-1.1859486998021687,-0.6922696505257748,5.2314947823719695,,2.3117003146843826,-2.534123985075383
99,0.48621351577199623,4.940378732774577,6.839164088870563,,2.084972956185017,-3.0061156975961763
100,5.728112446555746,-1.4044428871000885,1.617439651893038,-0.9112241038018187,3.708676772501835,4.044364918409724
101,-0.9297363078915137,-0.7775791308417361,3.194779565155111,-0.1350046342504566,-0.8447454353559778,-1.7423542027154437
102,-1.1571923213772892,1.5066037591327153,3.392030901785434,-0.6793781331751501,-0.22348259296558337,-1.5641437340756115
103,-0.3719091115301607,1.9853373716626785,3.176263618671695,-3.8745287772681944,1.146431374121857,-2.5601212262778597
104,-1.5772223675481858,-0.5267582326330666,3.741107548258782,-0.8216661167400499,2.739288349838855,2.9735191533462793
105,0.4065920837375756,-0.20555429424136062,5.165080526492624,-6.249279476712469,2.339827576422075,-5.007069018488098
106,-1.776342728406581,0.8882853566752569,5.582288789626115,-0.7606279689454182,2.37013848775612,4.049870520338219
107,0.9606608854740066,4.334513703518831,3.182340803910859,4.118722563844362,5.031758094058038,1.143853388311905
108,0.3167356222127109,6.1662328479552215,6.7838835691258375,,0.21283478555285584,-2.237015770784991
109,-1.4038483313710808,4.8051765510689215,6.368661535064926,,0.7177932345785429,-3.3622513176112303
110,-1.9834279097274312,3.733768932869215,4.186450055475075,4.285145347916298,5.966056949176674,2.8781526237568213
111,0.4463853502939006,1.544783778598117,3.308750287322983,-0.5820298125998979,0.8828253164820323,-2.763335097668347
112,0.12057372320129311,0.37217968519412303,3.679548442576195,-0.7488058347945302,7.90210931829027,-2.4243276544574415
113,0.18702306795989299,-0.4338936959242745,3.5077778124640013,2.0755367280962163,5.33296702232346,5.919209015099662
114,0.31381236000374346,-0.3495092469820551,3.493135275300045,,-0.3705112352911135,-3.637289258992871
115,2.410039235663868,0.7824743425044767,1.269632442921503,-1.0185405700177235,-0.8757246832785635,4.323650724890769
116,,,,,2.787611751047761,
117,5.748913971585839,-1.9871211933861181,1.0281938608136179,-6.865858948537587,-0.03714746650778933,3.703495353217562
118,4.751543001774669,0.47835954510127743,-1.7775724633961354,-6.741771299706654,3.21485474801566,2.7131509456766265
119,2.2713485726273586,-0.5780242389338586,-1.9724824200439095,-1.5521998602337526,3.0403303341153665,2.7882556431032945
120,3.2038545199113324,1.17679051274792,-1.1502063464335675,-8.768768878998923,3.2011366866549116,3.298609046541647
121,4.832688459835783,-1.628032206566316,0.6540963173812953,-3.4158913557980544,3.1786290248777958,6.0134243783979935
122,-1.77786070132366,6.419896104399429,5.074246841484014,-3.1877926344778595,-0.04020219206377296,6.803279264500277
123,-0.9245991122213386,6.530239528268173,3.9833899059751117,-2.3032549582879636,-0.6664811401186196,3.6319326930266946
124,-1.652387719309522,4.865239120804707,4.432558981867651,-1.2035925040892694,6.380185416209082,3.3601174700898877
125,0.5893110676252349,0.35281144418299815,6.958021335429866,-0.6794304535579128,2.714031214057931,-1.336484367518573
126,-0.13010344565797682,-0.07610544527014418,5.7372570526311595,-0.8650190180063569,1.3189496723802356,-4.51506230159969
127,-1.0073020642093695,0.5693041676775412,6.795922677388672,-0.7038212036384522,1.6681483892290048,-2.3332828556759986
128,2.2694027422572103,-1.7405802255545928,-0.35520664662676116,-1.1943322538611412,3.3377481161633,6.079304765609367
129,4.328681991405226,0.3199375735289054,-0.3903715142275457,-8.445129623301128,3.4184496020504547,3.561432337218144
130,-1.8093195451538406,0.24594088240907497,3.5702263747611283,,2.646307804187127,4.312109356924407
131,-1.0670490586914156,0.24264291299362495,4.52855801075331,,0.38248256374234435,2.3856505423506515
132,-1.0244461397088482,0.41395295456675085,5.21892729342769,-2.419061039315146,1.4860303366502945,-5.041150738095648
133,0.18882009539437372,3.3027990759245665,3.307032414049512,,-0.8447994076487035,-1.3058295292925792
134,-0.08732549436238934,,,,,-4.602208693842821
135,0.6616388785981455,4.551304470065251,3.0167499540935494,,-0.25290754059934784,-4.67372515997455
136,-0.5833521787886033,0.7058736159341248,5.6817373946205105,-0.4277149513311935,2.324983707280963,-3.7072190338330584
137,-1.641212181567195,1.2199571240864404,5.567278131798888,-3.817163702422871,2.067074098316941,-3.5425977236146853
138,3.383532463734615,-0.920712905791466,1.5383482189408186,-3.808942158572397,3.508538980126265,5.461015399698215
139,0.13973601646696898,6.214150673279817,4.643155346254948,,4.3607828828366095,4.191930247223673
140,0.28235652630482755,6.607096131898679,4.95857639616412,,6.4240600454427845,5.854207439194469
141,-0.31616587552372954,1.3001986503196223,4.661772107785537,0.44670082526348404,0.40257263947585153,-4.189034694388592
142,4.483662207795717,-0.006974375495820695,1.5822519952099936,-7.942747850816365,3.476753969868896,5.684396538339881
143,0.3129028615590943,-1.6917615573795528,3.0960203553874295,-0.5581446814407716,4.3585271753049515,-2.6839271210896913
144,-0.5186102897183391,3.8138911136336144,4.341486544726853,,7.836941744970965,2.290029175874394
145,-0.4317987576556055,3.267894616360143,3.7083291699915684,-3.7862812985433596,6.862650633927499,5.293813508472113
146,-0.7173736413960226,6.50940183464959,3.3936969189928337,,0.5072443092394854,-3.261125661995745
147,-1.9237369956869916,4.557619866028302,6.826881743362301,,1.1342190800903829,-4.92013216081283
148,-1.6763205708679263,5.167043939707646,5.397438972418875,,-0.9990330965676572,-3.761427233597993
149,-1.905706853541734,6.872263253961947,5.914625185879687,,-0.03502046654401059,-1.7694235346522147
150,-0.09076666801726896,-1.7657908501393267,4.2614550965296285,-0.6532793537947668,-0.1670704810093402,-2.259453559918973
151,-1.05692810007803,-0.6630428832591369,4.572588627414007,-0.2535471395591049,0.0019339496459627181,-2.1167067253846574
152,-0.4742850905810565,3.2662590799896853,3.9476961131976314,,2.223623930170562,-2.2252967944042004
153,0.7226999551907707,5.593272093229611,3.387862846712082,,0.11869750460560424,-3.796654120454792
154,-1.252118980392527,3.296421857272397,3.7161266978171987,,-0.23391237902538142,-4.654325128418258
155,-0.7688478283493843,1.139589149755645,6.190056217701626,-0.10648972134171697,1.017055273563989,-3.9529433689576843
156,0.26665482628696524,0.8307254258693522,5.7101832788854825,-0.24321007534034067,2.462580533157019,-1.6827574942022103
157,-1.313601053097785,1.1544610785437548,5.187715585647336,-0.6679973704456994,-0.034598995650149345,-1.0792660164900894
158,-1.7690549439782473,0.06907901149501927,4.9003595861277205,-0.25555709477914945,-0.6858523700490782,-3.0543968171533797
159,-1.1307415425786669,,,,,-5.019473357122326
160,-1.5163312978401107,4.501875826491979,6.689737148612457,,7.152639171644127,5.8003265919384495
161,0.789093362726301,,,,,-4.490425330483659
162,0.4243622459861436,6.2152582161532575,3.2909399583347496,,6.816417469766995,3.076643916378173
163,-0.09978661492663088,2.9598628171898875,4.12240338268586,-0.8480173706604249,6.358916181299355,2.035655274249863
164,0.6143825123343458,2.6163006243160534,4.399751531513028,-0.8696795025393669,5.799651173942526,1.0157936529261709
165,0.41101736366036135,4.733889033188381,6.129703288087799,,7.4334935318145,3.7054223146480787
166,-1.4402851292259122,,,,,3.1145968563539768
167,0.6776776154870932,6.988729416119927,6.970058481997775,,7.827342674064313,4.329459324017061
168,-0.3819706159037122,-0.2392007776959808,3.9626821959637137,,0.42562080042019357,2.1282471412371127
169,0.42232157671049797,-1.4101849733206566,6.4972293592153445,,1.9906080263821055,-3.7515702740459025
170,0.6882744994035452,-0.6872251087185766,6.3224910722721255,,1.2027634752109277,-2.7104570036476163
171,-1.0459856394402616,-0.2639192691612169,3.8986297303899233,2.1889081976075686,5.996144736787451,6.157993387228735
172,2.1829684794258175,,,,2.267174006919455,
173,-1.6698390907325407,-1.6455930218054888,4.5973304291193715,,2.838368707029235,-4.754052086153966
174,-1.316190056966637,-1.1175476914870675,4.638691583627823,,2.1706505052555034,-1.2299039789046642
175,5.486147270942802,0.39290349480382125,1.6367015803428788,-1.1395273511653512,3.2706747374895473,2.546531829184959
176,-0.7186733280928341,5.236237219304277,6.912882678033849,,1.415213458556537,-3.5770273390706944
177,0.4540453479621578,0.9426539823837652,3.7235677532309825,-0.654371074844472,0.9733678141152167,-1.3548071624481701
178,0.58219255346061,4.284648732963306,6.196631920638351,,-0.8397208848345655,-1.890828115180061
179,-1.9791378777569428,3.880445444261694,4.336770976762041,,2.937287960493326,-1.9926423503791098
180,-0.4677552689031885,1.9933900551079275,5.92348143163864,,0.5339262691958453,-2.5962645031750426
181,-0.7477636285673606,1.732453711361719,4.680044121776051,,-0.39108469818267566,-2.514826862015511
182,5.893955886271419,0.570262860814297,-0.744483734489024,-1.7023706594025496,3.029170843650396,2.358578188538847
183,5.875511432367706,-0.3150044469801383,0.7642250338024688,-5.467359687314134,3.6051016934518874,3.8842847134916703
184,-1.3336720795519708,0.5447115583691782,5.31343912850344,,1.666836383259828,-2.469288975964133
185,-1.6403988189456304,1.1426077092758444,6.330447123490793,,0.13715522148724424,-2.506962564652875
186,-0.9871506633195317,4.40208225426974,6.216662295251705,1.1536740608501057,7.726140202794426,3.993106503968127
187,0.8287294411924464,-1.5266501484286064,6.465692758247625,,1.3431142789142638,2.2905119389067394
188,-1.030387298298451,-0.3603770359125007,3.238469470964303,-0.19229707610282076,1.3470728237129526,-2.8113482044020617
189,-0.44362535782192114,4.490133208193588,5.768202267693619,-0.7536495781805801,6.33333167752429,2.6311648855968226
190,0.10905859049440658,1.3592100670064118,3.5599496619790347,-0.9367438882247001,0.7829208828955547,-1.0551434013026846
191,-0.9091075205157957,-0.4646646365103573,4.663274377423094,-0.8682879594394549,2.3444749350414185,-2.0865912524881582
192,0.9153464110019536,3.274854878841103,5.194353741624905,,0.05987036707640159,-1.9053401700416637
193,4.998607417265703,0.2874915555348092,-0.9134630716661387,-8.646874988781747,0.7945319573793972,2.018232033862387
194,2.5203452742775556,0.3510798223364302,-1.2375559968988228,-6.079372602536997,1.1507698483010989,5.310761273027002
195,0.8873421015343055,-1.2620902812665937,4.610958046695414,,1.654499853642122,-1.517653741836611
196,-1.244648794732658,-0.5510545529991451,5.078446789843756,-2.3828121258969244,2.1358880253472146,-4.183597097891106
197,-0.508251581060297,-0.6619510046508983,6.9861052358209115,-0.14125462389496057,0.5792308777283415,-4.718697457613959
198,5.033052870904202,-1.8952075462782625,-1.2614654653130928,-3.377578497436068,3.3957449388168395,5.620534353370157
199,-1.0973610360801787,-1.9032273132710291,3.5408694108036203,-0.36621565857569105,1.5841887976779996,-3.0988516407578226
200,-1.1454743898475626,1.326789145940513,5.701824239872943,-0.7467966818262217,-0.3975537369096427,-2.972271430550663
201,-1.8893336000338181,-0.9077125651685902,4.584003974465755,,2.7305925965062228,-1.6933247808535845
202,-0.17130474494641934,0.07231784601119551,3.532039351979613,,0.5322370057982351,-3.2575965718889606
203,2.098348017641067,-0.8050936587524526,,-5.306361908026855,6.153536789208909,3.7739713726036044
204,-0.4919600603891279,4.478296911396107,3.634947205208016,,,5.284522342352671
205,-1.8455582725533726,1.7627173227877126,6.797092434130397,-0.44470289152808684,1.9180864683411796,5.415612542106976
206,-1.1640564445258164,4.856954175574447,6.518406008559337,,-0.9186328457759901,-2.7418413090315124
207,0.7247981872763078,,,-0.47241901445894074,,1.8296537876695078
208,2.088494558810321,-0.9628086901098831,,-8.526175912011693,5.817930981009866,6.797068173404612
209,3.29444112055418,-0.2813694577256911,,-5.5648196658126645,4.837151117417767,5.926191811676715
210,-1.2813099396867025,5.8909510589558245,6.628167858423849,-0.3445630273587226,,2.2269013410186806
211,3.9545729460516235,2.556878602994394,-0.6315657200009259,-5.229249868922116,3.2986722838628166,2.1169908015341083
212,5.081629754039183,2.415775314237886,-0.2801662312980324,-1.5690596898885323,3.866941066825948,1.7539675041795038
213,-1.5653104491124903,5.626918000790761,6.966131104836499,,-0.1792491350379306,-2.919546040336404
214,-0.5316387729173202,5.835062673436907,3.8332617028039953,,0.9483316572597713,-4.903786399258136
215,4.733181620653054,1.490921736382684,1.3237976597734924,-3.858771838686682,3.746743353469679,1.8302719967798424
216,0.9569514451397112,2.428944539394913,4.421757465694299,,4.014878733105278,5.488970975834993
217,-1.2738298115418427,2.5409051694215785,5.676876179351471,,4.966024975816444,3.817925924273233
218,0.016408534247530637,3.0334549063360168,4.9352102525320225,,6.038892730621756,5.6976051930190605
219,0.28486022162419666,2.6964299165258967,4.673558238399144,,2.513010222218157,5.4775295491395894
220,,,,,1.109021963854646,
221,,,,,2.7194821315263287,
222,-1.2870829686054615,1.3677351793320474,4.431245113152681,,0.9351890757770107,-2.5617833239009915
223,3.783611025355323,-1.2555896317944915,-1.52043054720429,-6.482727965536608,3.857765574022558,4.627676566242897
224,3.0945069271104324,1.2105743780826368,0.9397049192611788,-4.780869984335729,3.4949828857856824,5.118199865710691
225,5.988498001667962,-0.16724932637031653,0.1258223606225004,-8.438928421374424,3.130931408851914,1.1101350543813382
226,3.704725415905213,-0.06812152799156967,-0.8482145201933566,-1.218495734471995,3.6962214909037474,2.870666377277496
227,0.18465061423614615,,,,,0.3757981914914028
228,-0.8966469534649806,-1.4660751098496396,5.375122601030137,,0.961797857195452,-1.697945752929133
229,3.805548295188982,-1.677588639335566,-0.02871873504787459,-6.097163272488709,3.2060739231113438,4.826933336812469
230,2.654495586425581,0.9117587978943711,-0.8002276810195723,-5.158819473781511,3.4412297698586087,1.0560704355238482
231,5.17923826900652,-0.014152484772619323,0.3843301518708022,-6.13520383801408,-0.5210103061265263,1.1978623596550702
232,-0.10308038634128636,-0.2525939397349872,5.30237379109648,-3.5288141086644433,2.210625546022025,-4.419575193462081
233,-0.09940875290206996,3.8706697394055554,3.645831487477029,1.4559832975699687,-0.012136177335392628,-2.646544856819922
234,-0.39267326883883813,0.9180344755550134,4.886959445338539,3.8613381127358313,2.598450247146098,-2.649472053568337
235,-1.729125440109525,5.646737214610222,5.213887185364901,0.3776367638612558,5.519839864947052,6.11132800166251
236,4.774729013606724,1.0620529491352435,-0.26462104142329834,-3.6903421779389873,5.79394096173976,5.104149398080256
237,2.8830787322029603,-1.3643624755762316,-1.3423730616621317,-3.2674757647562798,3.0650009575637185,2.5922189286456527
238,0.5059084371989042,,,,,
239,2.3295245134244085,0.4409028472110419,,-6.82928536905106,7.922592880001118,5.12777726579943
240,-1.0376558854637041,,,,,
241,4.721997323534357,-1.4585786812177268,,-6.450743740767036,5.401089541262236,5.754740164546409
242,-1.4404397743869826,1.0055017788730345,5.28114783241867,-0.7668102330275711,2.6432971386282373,-4.3924441810707
243,-1.8776690398709939,0.6278226047009781,3.8404289140962025,-0.13559662155571772,2.773240611068876,-4.557726017020565
244,-0.22731880957310824,1.8264587347008148,5.969085615487117,-0.6906294451808787,1.080923340733164,-1.0809660834788497
245,4.618044981733265,-1.7241625617464504,-1.5336626037825398,-7.967429156202774,1.708376070844036,2.840766198702708
246,3.093038370109024,-1.7717756738759554,0.18678534420285442,-3.7438848175669666,2.114064159314098,1.2162249603469986
247,5.803454266723863,-0.8712475588948938,1.6096526962962192,-8.648076486298022,-0.4759390180388443,6.596674796616006
248,0.03269494622831037,-0.9531730045307021,3.1007965550768213,-0.3058674634751537,5.8087318068362395,-3.460800280630454
249,-1.9502308381723323,4.93595756577473,4.419327538520253,,1.4038299313829892,-4.1357759170418325
250,2.6042318733147054,-1.0120804582008829,-0.6241654679008608,-4.20448559080802,4.534062283540827,3.0710795021265653
251,-0.4637180095040876,1.625018863067272,6.120850633778296,-0.9838725147664368,-0.8628056083622822,-4.36346572658622
252,3.729339408912324,-1.0018108699067336,0.9320019696850961,-2.0378805016160957,0.9902657832712936,1.6388912242452418
253,5.774463701006651,-0.9121968940758005,0.6346473895454101,-1.869528829266045,-0.3806268349129849,3.951141594906579
254,-1.3205082106922768,1.0375944381288125,5.2555717628677945,-0.6273410599787675,-0.2683059385679333,-2.349153322276991
255,-0.06447958114592334,-0.20103745477378898,4.0446498632830945,-0.6482883114730008,0.46019209885402756,-2.585201236510431
256,-1.476895948444721,1.1068435163724362,5.77981253238339,-0.4565142541928008,0.7297503045045444,-2.446766897249116
257,0.07281499783420098,-1.7385299761868083,5.269563854639657,-0.9272610627078854,1.4926907854222102,-4.701642722480224
258,-0.8397904220899675,3.0212540820520366,6.184974474570338,,-0.7022836556135466,-1.4321266873217033
259,0.8101903313267991,6.217978604984113,5.940100792544022,,1.0147684769912162,-3.4788733980961695
260,3.678909476993594,-0.04971226819838637,1.7262200522186768,-5.388449013967475,-0.2694971205446116,5.610806940999943
261,-1.5874321903949478,6.09123833413216,5.440431758456855,,1.295901929373543,-3.786927563549504
262,-0.9767971442955994,5.193676733410925,4.952710793543691,,1.5496194952728233,-3.182191874239823
263,4.554103921030531,-1.8655400224745569,1.2839251022736915,-5.306680250738223,1.226838305276851,2.329884449167994
264,3.590377809123044,-1.7493817769671005,0.2664235366426244,-8.351998716663445,1.953182797032014,2.6169408277515895
265,-1.6595743203390467,3.265853471456169,3.5327286589893148,4.137906336151109,4.191831015592114,2.456290467057029
266,0.7740812894113926,1.6257503533054518,4.045332204750426,,0.3424388939881853,-3.4756276653433416
267,0.6320187679891534,-1.4430135483138158,4.6763979964261235,-3.622377352807872,2.0604270442909565,-1.5537198805502679
268,-1.226170834607363,0.12968542739292332,5.3971972202866665,-0.20986802072164445,0.7310699635193745,-1.2871187795677663
269,-0.0200458997440649,-0.3556141911661561,5.054831508557622,2.138346254819404,7.101638078620951,-3.8271758476218443
270,0.4516676553720391,-0.6106229286339757,4.152738232204691,-0.782216941227172,0.9367394816178314,-1.5522635492114842
271,-0.3343949983684138,1.5993339607876755,3.0258576103299486,-0.32296125324703595,1.592409524405902,-1.886763884400927
272,-0.41104555065429693,6.0660602402362835,4.9849569784498975,,-0.9265636315869538,-1.2808409746586302
273,-1.2744387522036345,5.334854425997244,4.142504083076945,,1.6159778840416366,-4.061383026701033
274,-1.7206864630882115,,,,,-2.717057492160334
275,0.6916478670040587,,,,,-3.9445115202371834
276,0.7012547461543421,,,,,-1.7139733033168358
277,-0.10069351089359846,6.127839947952491,5.938433250702048,,1.4743416968179888,-5.037235532547317
278,-0.9829068125477562,6.006988014352531,3.095785237100408,,0.2393904583714126,-2.7663318259317244
279,-0.9523675206010511,6.212008323357338,5.339311320094016,,-0.6568202225645767,-3.6820712454905213
280,0.1778686180570872,-1.9127007680671935,6.765896960578615,-2.423679998374241,-0.6362555773446219,-3.7491222553492847
281,0.6913313736106146,0.6551606848942855,3.6976372173304455,-7.01637016549644,2.692895209470132,-2.4412704049759335
282,3.0968610711661797,1.8535779480964518,0.6281239721340681,-5.609375003784651,1.7571181814528167,6.95003832299669
283,5.935910597618154,0.24067527201501338,1.5935464527243293,-2.2836548547096385,-0.4915870262700964,2.1844229813339373
284,3.6373362382978707,1.7472902127153207,-0.40192139641410507,-1.9787432309087354,0.4268945333383565,4.453121607994107
285,5.576396852912172,-1.790963013655413,-0.6928172916569031,-7.028119225721305,1.3699331514507371,6.551587903851938
286,,,,,3.825308433926318,
287,,,,,3.1259407986726284,
288,0.6612599243934716,-0.32482336969407744,4.886598058283457,-4.579733262699349,2.342287294801891,-1.6028016894364954
289,0.3396279078601643,5.072032352539415,3.3656881311186657,,-0.8253535257394541,-2.5862155661108734
290,-0.07390299578459292,-0.9593645666935904,5.502727716548762,-7.431843022933336,-0.05346527151097591,-1.5959482095838449
291,-1.7475748197985015,0.9232854132928481,5.202126803440612,-8.15359233072228,2.5589962792983716,-3.98488677668394
292,-1.5151090196694486,1.92518846991915,4.629462203725175,-1.7079308162575622,-0.9633349403236987,-2.950267782605096
293,2.919818701299478,-0.9738754598300219,5.085508172208334,,6.2827327389987415,1.8813800286505664
294,0.6956631510015432,0.6167004015746562,6.586298652527443,-2.4296690578942117,-0.1944012845516465,-3.230187350779553
295,-0.18071054981439727,-1.207604841368021,3.785177354182037,-2.911337153115232,2.8360968221229816,6.825125208230448
296,-1.972403127455546,3.5612982278052443,3.090258223089044,,,-5.0115807509095305
297,2.852419099912783,0.2613235266649674,-1.956749957078855,-8.57663631006762,1.4536085015740465,6.6848634442609045
298,2.1245366809825152,-0.1442669597250703,1.3062052976994754,-2.2447100294979787,0.04668759691401125,6.307432005613266
299,-1.6955801862020774,5.6846299528211865,6.446659563743325,,-0.7320329303246591,-2.7988310827956564
300,-0.00949275082240053,5.481895208650451,5.308468405813008,,7.042819245752454,2.287339694557578
301,-1.9848095069019513,1.8880214800769133,6.562633841565681,,4.599451272201749,4.804330600039312
302,-1.5175710029649394,5.969012795277601,5.387780966338326,,-0.8872318341668477,-2.3738205076532126
303,-0.3537960277473533,3.679524173904001,6.240644394073764,,-0.021017502249413678,-2.656356424055342
304,0.07568737107960488,0.4341113498843969,4.7186935562715115,-5.476014404620821,6.287315123338294,5.565349010247741
305,,,,,2.5259436203149406,
306,4.606667427138161,-0.6019707578045084,1.2039239501077887,-6.2378643492706445,0.6636563025053013,6.916167579257295
307,-0.04411421304115559,-1.54361174810002,5.999439770262551,-4.612344409674167,1.8813342836104876,-2.0703991724598314
308,-1.3271875950559928,3.7799009447768084,6.652165883241254,,2.673140377299143,-2.739866668840877
309,0.13653932498972554,-1.3950077871020934,5.28849193205083,-8.237428773144465,0.6321635544437392,-4.78791662181912
310,-1.2882483358505676,6.561638088640518,3.7231407499841587,,5.014569964663394,2.0825435236873187
311,3.474105602650994,-1.0987278096783073,-1.582176759613628,,3.903097524524402,5.596155565892373
312,5.457433048280962,-0.9961290321407206,0.30743196638894843,-2.938325594249715,3.864230626745785,3.0328074965166953
313,3.892839816765569,1.402465093424717,-0.14407011409485349,-4.325930968204698,3.464582860994714,2.0537593880676708
314,5.872773723130681,0.24489368521186505,,-7.478861218738434,4.912247337204539,3.528262064671334
315,2.7421023565720226,0.09356639589823934,,-7.46578176552747,4.046104145341095,5.7630156216076145
316,-1.0237970125599427,-1.5409194040591128,4.0751905919835405,-7.497510978342846,-0.23488818237249265,-4.5862111969470565
317,0.2394756782935168,1.4405595804992088,3.7945784521035506,2.9803202382592473,1.0684731167294175,3.789099208253484
318,-0.0510992809708839,0.8912588124084564,3.987428246202377,-8.511035502723733,2.63233501345357,-2.6378473854320825
319,5.474492719206613,-1.7293211721298314,-1.5251585322376557,-4.283211367852281,2.2174982210063634,4.2251389348247725
320,5.10638749174261,0.8313420749351279,1.9222730203791596,-2.2716368423184115,-0.7366779311047755,6.970956464692474
321,5.083687461198677,0.17415550350591658,,-8.82568873856679,4.521362972692105,3.394656230795465
322,5.37913296845016,-1.673093317862326,,-8.574738027175558,5.237072508280996,4.692404805685082
323,0.5476711015793454,5.9999112388965035,4.225661922483011,,1.7702920873568335,-3.94274751658099
324,-0.02715934726219249,6.632913971351078,5.220535227238534,,1.2875913250772222,-4.735578318474539
325,-0.2950716988024191,6.034861328168207,5.35196659215563,,2.6298529723902675,-3.3151543950175455
326,-1.7189704663225116,-0.16679430786371396,4.705999092390684,-4.40291171182569,4.467515121993419,3.191465667571638
327,-0.8968489420558958,-0.061211877781315316,5.461683188637155,-2.4377282588664473,7.943433762918872,3.3567143159846884
328,,,,,,
329,,,,,,
330,-1.2043886566077038,5.388621296608958,3.3262998680713656,0.44826246953194965,5.234530656435316,5.173844740221181
331,,,,,-0.5100718006179266,
332,,,,,1.1361457973048592,
333,,,,,2.5178511218443695,
334,-1.2680267071019056,-1.3368970252247898,3.3511531127380527,,4.5212958652266435,6.627321901374366
335,0.9190318200071801,1.7827929013645585,3.6873179907803157,,4.796329323529327,4.254154033072083
336,-0.8207033237071117,5.616531010484113,5.072310079069774,,,5.610399740756774
337,0.6761402885056917,6.556511715754363,3.8559788565389925,,,1.5352400099002093
338,,,,,0.6400968492767838,
339,-0.10658199339456864,5.315227094004433,4.133137743220556,,0.9279811655767003,-2.8089357617966573
340,0.3844350947214361,1.3999023516800662,4.6012514528376816,,-0.7181546072513075,2.2669487936206134
341,-0.4920858505181669,0.6760912593119432,6.247464529968994,-6.362567231123992,6.350812950542061,-3.724516391683209
342,5.044096049964361,-0.1508146530296668,-1.141211918338247,-6.180362364156626,0.1125766446307408,4.012790204653212
343,4.504881421338167,-0.35293443909701105,-1.7310578968620303,-4.215125625005199,0.29802854573565507,1.1200710486845855
344,-0.2692859045311362,0.6038958827551804,3.055448721488455,,2.7804899533225313,-2.1347164376348804
345,-0.5224439899804398,0.1817301008351262,5.597515344176415,,0.13067151194704962,-2.4458800999061885
346,-1.4142663925393522,-1.7509021650675212,5.675506183876511,,0.8434764966810564,-3.7079872594974344
347,0.16735794744914023,0.05001340831574441,6.194623157736332,,1.6852186426711266,-1.9949345574836048
348,-1.15767876218115,5.529565363606947,6.7310117683683774,,-0.3512640929431202,-2.425892580880126
349,2.524979824066688,1.225615586131289,0.3793918560496674,-6.78094014793494,4.256174179852887,2.517130411526427
350,-1.9270464702588328,-0.1630373690106215,3.080551572502431,,7.449736532968727,-2.471553229357888
351,-0.06358106638114625,-1.792168218843692,3.6151349746568613,,0.9457710303800586,-2.812568011751381
352,-1.4686632130749828,1.1451140308751928,6.544685196751485,1.6867963477746915,1.954156912319738,-5.012616695813437
353,2.130105066907385,-1.1945402627112762,0.9554682154721161,-8.753125802158303,3.744368250403828,4.104408087071093
354,0.821376096658476,-0.9655123821202221,,,7.845998720420103,1.089767900092924
355,5.683391419810848,-1.3411697659844508,-1.8702206322662507,-3.1089215650131994,2.4674212362825276,2.5872782478738303
356,0.8617859968752841,3.62590701613275,4.834074346397128,,1.5050381770364105,-2.2318304829826126
357,4.466601396347107,-0.6791358753401229,0.6348725243696303,-3.9817220714324115,1.6762150161765412,4.0841852674077925
358,0.7445936619592508,4.8956849753358105,5.258362634254215,,-0.4948635886512426,-3.5325500307531796
359,5.186149237288356,1.0270074264853182,0.1291702028411843,-4.339304929120709,4.986989750589132,4.438895795795129
360,3.92608959305146,0.07754621152875063,-1.5869347896496575,-3.057502216811047,5.800381123947488,6.554510211890651
361,-0.8895202645652576,-1.1804703149509561,5.652108875661209,0.448505908357542,4.088537892290597,4.872073995332639
362,2.469233074213313,1.5113210176225145,-1.3098997170413056,-3.586806877409491,2.783106145441189,3.488415237358735
363,2.500743484332692,1.5183281147113694,0.27189968238469064,-7.325200086838509,-0.4697011872024198,6.5821071130394
364,4.742261262324222,1.4823144470459912,-0.8145654853894415,-6.157529330820911,2.0986923988830153,5.709298055500853
365,-1.9536244688413336,-1.0448107617429048,5.7162664758586725,-7.960587879201604,0.0592674084028475,-1.2329383254064337
366,0.7849561014201656,-0.1950394565052742,6.726961625575755,-7.930743809305558,2.7343727664144994,-1.7387717110499818
367,3.7212237850715404,1.9399587111847214,,-3.579121317958733,6.562840931305484,2.200054103747923
368,2.802099195151064,1.0880512209032094,,-2.1262590726806154,5.655704285055727,1.7850547950574696
369,-0.7154442552310827,5.865588498976452,6.9877976701968105,,1.8798389655030776,-2.67348448820689
370,0.8999646495583324,4.083770924741373,5.880629894189688,,2.015255562256236,-4.0352778727087975
371,0.8908601412084531,-1.8913247011060408,4.148884965360899,-1.296837321769126,-0.12376105444380348,-4.231988154667679
372,0.5590292146505023,-1.7391762404700193,6.519009630862449,-3.960238666489169,0.7721615135859636,-3.6772760992991897
373,-1.116649252219048,3.8090168659611225,3.1968838296235695,,1.4712538811140605,-3.124529899109846
374,-0.8447032657354909,-0.14427139922267918,3.924323550162456,-7.49868445684815,2.0798951365415803,-3.85716140728099
375,0.5534108736063954,1.636881347315428,6.589542888359998,-8.123551447540638,-0.5841599109262974,-2.968826283325873
376,-1.049230042646108,4.255307356639987,4.024766191893513,,2.8494613744087474,-4.387632576052663
377,-1.491516967276525,,,,,5.054870048308812
378,-0.32959365502758176,3.9660026487567355,3.8826043790323412,,2.5608829989740958,-1.0904602516000494
379,0.8084646909183688,0.1548098538560463,3.5525013279887747,,0.08139646730917227,4.359299310939011
380,3.9663783703342315,3.85965068972578,6.436447055995011,,5.08023393022391,5.738041834474913
381,0.08809114416663033,4.699403475192946,5.000233126922275,-0.19678730894668683,4.827348513984692,5.4328304888844015
382,-0.2898140086543963,6.6313540721542505,5.699572870845361,4.8077186698862,6.616092341831241,4.751269473497754
383,-1.7084653087021335,5.028238675850193,3.9562656735245043,4.0363085246937755,5.6648681767680555,6.918293039596538
384,2.2568360858157757,-0.008747069855018275,1.7532632705709215,-2.490653824073263,2.291041483534653,4.20153871710626
385,-0.15497609819827507,-1.578100038069174,6.032161727679099,,1.073297081981279,-4.620796494966531
386,0.9701616077097193,0.6271223995397779,6.0400222231282426,,0.8472274791447618,-1.2762282293194516
387,-1.5797429919142456,1.2884136690024006,4.25039222359712,,0.257738401368675,-1.3507735081631806
388,4.327885758429522,-0.4783163945169713,1.274961963944399,-4.35523125359635,1.3238755555942447,1.6786351787691227
389,3.0759738813952557,1.1024486985933997,1.9342689208845008,-4.040383900489772,1.9195572501888722,5.9696415127703375
390,5.190236475563864,1.8579068206002571,-0.9613123719300516,-2.7406682566175284,3.619445142446237,2.5111207137478413
391,-0.4450082633006618,3.7516816697091877,4.64273063831678,,,5.663813049506013
392,3.2414480844286095,-1.1849295686097103,1.8788947059098178,-3.363415609486399,0.6437333195376869,6.742642606940991
393,0.6321199234354948,0.09332127553337233,3.838761252242784,,1.5168778418793616,5.180773302501797
394,3.820880792814978,-0.8514440538997947,-0.27506123861603116,-2.3185504645689132,1.7972525522198624,4.576181257101376
395,0.2223073492269394,1.171418871524576,6.906244097518529,-8.517315812353909,4.718637230088488,-2.92648851996271
396,0.09104897143785862,0.3103759011355798,5.582410372144568,-3.0110140641597054,1.8444881015865537,-2.1165467327689034
397,0.10745396885684033,3.307886843979535,6.7381755346662136,,-0.7921328720303967,-3.2889928843979503
398,-0.921522850112368,5.78462463534595,4.213542300141802,,2.438991627422153,-2.5016325271015454
399,2.0464825161148945,0.5383317789415336,,-2.1879672017184344,6.756436353979844,3.7623174432992403
400,2.2897878857222627,1.1916578046542028,,-6.685979444132756,6.260289171363527,3.1864596544536727
401,3.5699744447383455,-0.41611462363553753,,-3.8638601566835975,7.434688232461305,3.11802897253932
402,3.9197555264408868,1.6603607636237416,,-6.462742449858512,4.469903675081791,4.818236496559125
403,-1.1192203906885005,0.13211816376691998,6.127563691320669,-1.3347631082250366,7.142666427103932,-3.6765004549458373
404,0.42808456656820293,4.531195169049689,6.063434617763287,,0.8330148222091409,-3.8364876376577546
405,4.40008233673929,-1.3681758494107215,-0.6099210534269193,-8.698842253360038,0.049666455000051846,5.507638881044951
406,3.1666505703159027,0.7835982275710365,-1.7985964119094355,-4.346976521261418,-0.03293978227829164,5.071102648807343
407,4.779927654518186,1.1730465947939293,-1.788933502289062,-7.638851855894996,0.9320579430802614,2.190461185386118
408,0.43034127982920567,6.2873238184718865,5.76662266307202,,2.5473264844106636,-2.711900176625512
409,0.601217722835204,5.638043135965843,6.862555907263761,,0.5133921204385161,-3.0370141637191317
410,5.440489639206993,-0.7329493489196182,0.7680468011183985,-3.2921842296816575,1.9989037092722988,3.9639234458719494
411,0.7397221583381108,1.4287178521804738,4.574221453789594,,-0.6127224700234559,-2.7065969580441807
412,-0.4659699834872353,1.6245735606886258,3.522869451122745,-7.564085908248172,0.9042283203835302,-3.895334560964242
413,-0.4954482393042763,-0.8923778776718696,5.686835496179239,-7.090220579614181,2.9667445855596464,-3.5694204189569323
414,5.119404034975361,1.934085985954656,-0.16828089409753866,-5.0273684040296285,2.0817518735451728,5.7498405833982575
415,0.3948867008921775,-1.4371489290500152,5.917239250724247,,-0.1578837683065566,-4.718316731671022
416,-0.050106187689539894,-1.1919327214070987,5.300242370467505,,1.005767333326031,-4.846663876438283
417,0.10590235165330308,-1.2630959353981952,3.8272717155735623,-1.678344998672963,6.694067176707517,3.854224847333806
418,0.3873791867415586,6.184965838910653,5.017823856042285,,-0.06549873411643914,-4.030102244453242
419,0.6700166602064208,4.087784288968766,4.248759070314067,,0.6382454126953778,0.8774999532899539
420,-0.9860107091686163,1.5759594517923368,4.70986621591565,2.2981645513670568,4.460043827110472,4.219740012668528
421,-0.8732475387138643,0.6171722042975387,5.580874367358827,1.1180138617225486,6.779282947004421,5.626816454115335
422,-1.7180489520568005,-1.3915779741009116,5.980859016710514,4.667275622253203,5.76618920587413,4.967592081935919
423,2.158475647777675,-0.23870309676254853,,-7.27874478039523,7.779939147184008,3.456069951361826
424,3.9220279763988053,0.4611943203052935,,-7.8161822451549705,4.5664454798711605,6.372476342609076
425,-0.26515714336374874,-1.6661383709257678,3.9288989020635676,-2.9197647470428016,2.1203367294826014,1.9754030160608893
426,-1.8921676152556977,,,,,6.973098694776146
427,-0.6032028616924312,5.7694357453232605,4.6213015498295755,,6.571333595468107,1.713116106470772
428,-0.3720634565852792,1.5296661521772863,4.07664641576363,,5.5279202375776775,1.089700537188652
429,-1.1403721264097917,1.2144152751246955,3.7945265999637416,,2.0848999212666035,6.340113486227161
430,-0.2274978570863868,0.020829949643778045,6.133548919046624,,-0.08759626116117292,2.469721594846515
431,-1.9084936554241152,1.8685066507413788,6.6370107941130545,-4.977596944566175,2.6888934970352825,-4.757489061711236
432,-1.8879498785114905,4.056248071491632,4.480928856308663,,1.3702739066578562,-4.63764008048484
433,0.46780270571009264,6.756273928789366,6.005115742348647,,0.5196989530065697,-1.7592947186556094
434,-0.9194243835744409,5.5454971917086215,6.587981176033191,,1.0077437602321406,-4.901063265927638
435,-1.6188134245125434,-0.3289527229329301,6.384496869870404,-1.7026371477751647,1.4202861532733235,-2.3842985401932038
436,-0.43326746281198325,,,,1.239563397269366,5.37819795966078
437,2.4197210365008575,1.9364413678416634,-1.0939090322908471,-7.797268915707937,0.9456216240650472,5.866092385915972
438,2.96818033682455,0.671681911571359,0.4558834529889737,-3.8202066801888233,1.0197326448181487,6.153918447912493
439,0.309981986609819,4.298047322516795,3.731253701525778,,-0.2943499819179265,-3.9525757804895107
440,-1.3525323921940622,4.078047580903034,6.82516753393563,,2.2509321575567975,-1.5213762486614302
441,-0.13132639633119014,3.76370648619234,4.506705874126069,,7.827258686257465,6.949565420048476
442,5.946650377879038,0.5386872012433186,-0.9885632154166282,-7.110166019588714,1.1670426019629672,2.764238769482572
443,2.5699824808853715,-1.3361756057355407,0.31052945476710936,-7.716456408894557,5.319899641576223,5.261460260578749
444,-1.7439523267705472,1.5277117145861634,4.356962763854615,-3.521504689390407,-0.47567804601014585,-3.0903367997191493
445,-1.84494936396881,-0.2900379444929948,3.24972547818932,-4.236327648004801,2.064629081058417,-3.818557932607808
446,-0.40593340085156915,5.778563890642404,4.944694709081366,,,-2.9578290834980723
447,-0.37809198428125446,3.874862592886089,3.436054623241409,,,-3.5085369750259723
448,3.995552794543296,-1.3510615423129084,-0.5631613142111827,-2.9528147688019306,7.8487436413768386,1.6923997877889287
449,4.472623074993667,-1.9495642220834226,1.2942099246865502,-6.500174163545664,7.605943413285863,3.440856176037636
450,-0.08770820319723294,0.23902527510161709,3.9941594192256797,,2.7297761084346828,-2.7684347065984114
451,0.17827558183152115,0.10960121575813653,4.2677706102495545,,2.7892277489878463,-4.593974371356243
452,0.9275563777396656,0.8774161090219439,6.235305328442399,,5.0815330070310285,6.087830269540757
453,-0.45109616377764183,5.381213136691698,6.501954624037573,,7.214167125020042,3.2059487324928364
454,-1.0311266741147205,1.5610328453665925,4.2098653956369185,,7.982416807610386,4.546572578175944
455,0.3855597662391912,-1.682368348896287,6.434792510460234,,5.010652076071338,4.022641020299511
456,4.80985998948948,0.9259875108330775,1.2827856777880864,-5.396940599519809,0.476072750272847,4.875709442064192
457,4.238594892770802,-1.2503475343520156,-0.09059539142047202,-5.735455623121192,-0.45793001138843925,6.837366355878729
458,-1.187499038355413,4.058540240314846,6.42892377522569,,1.0735998961358117,-1.0122150844175506
459,-0.6830825003169705,5.647875840134937,6.058603843981604,,,-3.3315799982682304
460,-1.7646255379582039,,,,,1.3344138401510792
461,-1.9239421452782803,,,,,4.443769412331505
462,0.8879454595811314,6.259758947535347,3.586780609943057,,,6.178172774305534
463,0.5079413080573911,1.4327090310560673,5.7612914434491245,-1.1267284237386743,5.747108728078201,-3.645431200251826
464,0.08792437274360565,6.112101012608845,6.780096268236463,,-0.5495605221371493,-2.1762134820907586
465,-0.7731377559613881,6.043405366850449,5.730161972318284,1.722983924181627,6.080722989531592,3.8882966445937663
466,2.0390837468263623,1.276255099589221,-0.596719816387224,-6.637281730989519,5.179724606790415,1.4711637803514006
467,3.30584547590367,0.16317766991516724,-0.5497571352436976,-6.6168252058834405,4.06105944737615,4.3632364315043946
468,-1.4801122690602655,3.750889769252606,4.32646751696546,,,2.9924438267496454
469,-1.530684003980097,0.8409728666150118,5.002317359787288,,2.7359498645223264,-3.581834095116754
470,4.070846747487579,-0.742595590538154,1.2228592238493905,,-0.26567913489052586,1.929651321608111
471,2.351466325561912,-0.11532535250104647,-0.6872781918887918,,0.011065595864476752,6.09420718859939
472,3.4025079590485205,1.2865486201340806,-1.163757940837268,,0.6265478196232499,4.129597423039649
473,2.132812783863693,-0.16293609085171168,-1.6612413504469767,,0.5326596540458479,6.599658522405282
474,-1.2492669788314568,-0.5688032327006136,5.582900237293051,,2.178652162068617,5.836099167547893
475,-0.35231740457301974,2.7021462036099035,5.042281723176214,,4.880517047109834,5.157830984115984
476,0.1437894151010808,2.1716942064536853,3.47981192562881,,5.127747602113663,1.0301537379140784
477,2.3143143209526,,-0.13322443887176272,,0.8252688509403343,
478,-0.019405908924490234,3.3535399523358786,4.248256302668299,,-0.3169245673320069,-1.6767138534443622
479,3.587693322320307,,-0.0714686158247988,,0.0688416963274816,
480,2.5308633289788727,,1.3636357596906505,,1.0364549571480415,
481,-1.1601941538272984,5.795795368240167,,,,-3.2150308692319816
482,0.864596102451604,4.473388969087691,,,,-2.1382691003803154
483,0.21369226262355423,-0.02314729221586176,6.209584157849811,-6.1410642559309245,5.774398855442494,-4.622709585257166
484,4.2701635490228815,1.312998000882698,-1.1150407201644497,-4.468035624220149,-0.4101818703699094,3.5669411525675274
485,4.757859988550886,-0.659163974155969,-0.4760313331702659,-6.955296533397473,1.4466238231077975,2.1849182688033304
486,-0.33693527074614793,-1.3049488594263523,6.445672209373505,-1.6747209715593616,4.684409988394002,6.464787530638896
487,5.202346868359468,0.8480577432235779,1.2336240612209137,-6.848860823871675,1.2629904791917455,2.047504503469809
488,2.8006012654640235,1.3039138550717968,1.2944954608232264,-1.8298342739651146,1.8588100887233139,2.7163608249543962
489,2.6699306293034293,-1.5974448958928482,-0.46155214481783435,-8.140877704394496,2.750818641263776,4.101020954935508
490,2.4182716842964447,-1.0404991624656024,-0.16350078558316183,-3.7354997522623874,2.649018497584188,2.58018224535917
491,4.545721129304599,-1.4321070894749064,-0.7868524160269488,-1.740866216473342,2.7843026278680467,2.2591886336367404
492,4.825903011814095,-0.608230590792092,1.7302199028874392,-7.620963189547621,-0.02113543261725026,4.59459623980515
493,2.1263449285839915,2.5001129323728177,-1.5254198509307775,-1.252277761929946,-0.4737362676722363,1.5335777937284087
494,5.744849007981325,-0.1985929124810255,1.734998074322631,-5.357818566880322,0.209108815187669,1.3490072317137307
495,2.207885476534929,2.4119583071253605,0.7354676316749329,-1.432382587589455,2.580340993785158,3.233472223945615
496,-0.1648355206272092,4.729385007982293,3.5492002864388916,,2.888213979130499,-1.6245784666371827
497,-0.7411964633628825,0.995306797318319,6.8095470181813225,,2.4373002101838885,-2.072679886530189
498,-1.2568026903261267,0.604592352673267,4.315290592432465,,-0.5599265475463531,-4.199519885309519
499,-0.9320782475135576,0.48371645744725256,5.649255015820163,0.804923368879868,7.493017438195147,5.323986928545127
500,0.27353972880717436,3.124596545893103,6.007300628581801,,2.789712143929754,-4.469152118619151
501,-1.9568138464036031,-0.5904964762670457,6.247784972464561,2.81582257249003,6.819644557533046,4.328840870782649
502,-1.6517769775389812,4.038305930625861,6.78299881868705,,0.6934337732385087,0.4446231378872152
503,-1.861986568636723,1.365791127308525,4.251678316021227,-3.5741487507712106,4.340801992724691,3.5372592271071976
504,-1.8778080573109621,-0.11484827932791752,6.43402584372272,,-0.9627559784271825,-3.7750637920752483
505,0.5663825861365479,1.916419872641186,3.526747770333693,-6.562904663490935,0.7695765719027354,4.394509698591449
506,4.165185506646637,0.5365706644640158,0.12629131393564763,-7.465221621284423,-0.8157205688383254,3.1927093656495256
507,4.836242182737889,-1.4949359916179759,-1.869358174561278,-6.545794303263511,1.1755130007332764,6.616878058653349
508,0.11097528826199743,0.7047121170060995,5.82016367860637,-8.224173581622484,0.35421801827594557,-1.0971257965954706
509,-0.577475478316857,-0.6995800436046333,5.967910964586872,-7.819145684919181,0.8937412537202956,-4.016405893642546
510,-1.7064923118566782,0.7453105968775604,5.710893022923663,-8.131436104161905,1.4526825591257564,-3.2074956849377454
511,-0.5251494408823474,-1.7214300384647079,4.009259079375831,,6.6003698361103424,1.3294300272064894
512,-0.5795816491857193,-1.3004694897278508,6.492172610955815,-5.596291096412301,2.475204761830919,-4.936998138955923
513,-1.480389619009249,1.422949868130045,3.675434003367042,-2.628231135673486,1.6476072814325768,-3.446560389433494
514,-0.6984417851749432,-1.091277312137978,3.2145393367478614,,0.7361971069008715,5.040349109777199
515,-0.8044823257178748,1.3481654413697213,5.869860013399128,,2.277711935702019,6.347696067389464
516,-0.15244748900315042,-0.8828914870514246,4.901902955522002,-7.838934184320332,2.6223288227246204,-2.739945869176143
517,-0.09471694160695932,0.5715297010806981,6.396392107047895,-7.927052641711467,-0.5209575944378885,-1.190259960271295
518,-1.8640824613542026,3.1347057897616275,4.5335886754292645,,,-2.9614937776434522
519,-0.8761585471546864,6.51674311219225,3.6731145040208864,,1.1277332607657595,-1.7342154332196085
520,-0.12241809378143231,0.7766040590255974,6.345768799374982,,6.614625936851736,5.823308393878764
521,-0.4905883569740488,0.050621824936870174,5.195638607908512,,7.824884698521979,-2.838138975330062
522,0.5694703517288879,3.973586869317595,3.7567833157793116,,0.13804990342980705,-4.893305527690828
523,5.483876541522388,-0.778753284321726,-0.09761220649892555,-3.8401109229386545,-0.8117524588947918,2.1042467975185097
524,-0.023917135543084056,-1.1494179508684885,5.881536044770857,4.718870682840838,4.012083575320695,-3.780275648296337
525,-1.5111918882439683,-1.867237002509759,5.044454642122238,,1.6741877368270635,-2.7227790125661993
526,-1.7882883942660017,-0.784210378272838,5.417252000318237,-7.394488220362004,2.451083505796344,-1.2005314639949116
527,-0.0727401018654441,0.6126531636424171,4.843593450046233,-8.187593002986697,-0.3483869667404609,-1.5717681195001565
528,4.856347831651039,1.7532196298225482,-0.369004162240419,-7.636103660959481,2.2496551717548323,2.775558601763386
529,5.206912403790636,1.4848186723013403,-1.3551199116873494,,2.4135833571578402,5.302287836349345
530,3.357801008414177,1.064260456127257,0.6256403967833062,,3.803075677850467,1.5056240156435898
531,5.259300521773763,1.1537905938346278,1.8846037959545814,-1.6074842457188785,2.657362017826924,5.871170334708567
532,2.3204597173170964,0.6599415471985879,0.2487577707651718,-2.421992739911281,0.061142476281206726,5.3134418703944695
533,5.579266662178978,-0.9588483010225965,0.8590147518686251,-6.144916530618974,2.615812537892153,5.37764009045958
534,-1.9204604505971516,1.628780658379324,6.314835966162111,-3.741409311941961,0.2826529790967185,-4.131985420170591
535,-0.24267086578633235,0.6829311477509787,6.318250893468326,-4.685628465199001,1.2093533455001755,-4.165453784925842
536,4.1903696677864835,0.24176506051717372,-1.7261928139790348,0.019152889669993952,3.431805203252401,1.6014488706440428
537,5.269191145745867,-1.5560369928720001,-0.3293286562229931,1.1906253154229542,3.785808522870977,5.306563472490065
538,,,,,,
539,0.8206910691923197,5.2293487581204605,5.837555339705455,,-0.7979673770172846,-4.242315587607057
540,-0.27357501653206984,-0.21177463385978101,3.421605670914963,-3.571725620444342,-0.8244728877517596,-1.3145650137393061
541,-0.8354866906506426,-0.15856380104473944,6.355415476676866,-3.5275442996117725,1.8814936577603631,-1.5980053362171533
542,-0.07013328617178449,,,,,-1.9137133904918024
543,-0.6252382022282297,1.458255219662752,5.684051981460128,,4.991729867035985,-3.464794409677855
544,3.8092733356075996,0.18659549693937927,-1.5345609600512897,-3.9571570033976773,0.777921514801523,5.078908982282163
545,4.574310909338257,-0.4783942285532914,0.4511855766116841,-6.845548921387346,0.025171647361328153,5.985535066894715
546,4.105610814558565,1.9072014479225736,1.7539289878618491,-8.654374514058006,-0.2383436799298262,1.249576428881025
547,4.926358183829931,-1.5571124948690414,0.6471128816890024,-5.336444944668013,1.679814915748844,1.1386647154832743
548,2.3265202593542846,-0.30980295441281114,-1.6927824791863133,-1.8683998898854846,-0.998390939670054,3.238043051551025
549,2.24140867486856,-1.8318957710604338,-0.5813314559876539,-4.428981508121214,2.223565236866552,1.892730317114225
550,2.9884132075906598,0.9596179840208598,0.2026561107810767,-2.3350159318890578,7.7111659240121915,4.350307183979514
551,2.638179023582896,1.6723066815578644,-0.3871655315170366,-1.0667126369636675,7.728535667712511,6.504093468660643
552,-0.3631470099118208,-0.8798465270600548,5.788096718654911,-7.661849724424643,-0.6829989187588871,-3.0116421976421357
553,0.8243947641226199,1.43336752467389,4.451931476493167,-3.4550105584338313,-0.2340392075020089,-3.1741947407087725
554,-0.8416885439380426,2.870527012966904,6.517118246398374,-3.594272243228099,6.882345702676835,3.3488788209585723
555,0.8835719154320187,,,,,6.069702375480258
556,0.7160524720677366,3.1559174559519816,5.901486450465056,,0.544947352142005,-4.030341806099508
557,,,,,,
558,,,,,,
559,-1.412621954728826,5.667389625302331,3.4503620261494343,,,-0.6190836700948923
560,-1.7919107268739005,4.2921095050995035,4.631112244424106,,0.939436445246411,-0.11568611417883978
561,-1.6976608066656262,6.591676766239598,6.545521468330376,,0.4199823243446017,-3.0090147370225537
562,-1.9453288574306686,6.552472775912559,3.188786978615079,,0.28285061994559735,-4.935064820952389
563,-1.7166658919720674,4.301162595121968,6.845666485526204,,,1.001445968280785
564,0.04902214954363582,6.603843600622273,5.716650331137069,,,2.0110884605448556
565,-1.7864286946639099,-0.8311229937075821,5.5255039770500085,,2.8556641524090303,-4.52384764551315
566,5.4871343126131045,1.643081161500412,,-1.1596561269517283,7.063053305310915,1.1825419373259147
567,2.8768562310411694,1.015849034216062,1.3345770019026137,-1.1146910629104454,1.5663197591549756,2.968883567729656
568,5.903461031981293,1.2196282332036048,1.2586850883307072,-3.4956246336544767,-0.9062653607564001,6.4491376404062075
569,3.3475834062486856,-1.9279681107412263,0.447326320446255,-7.024655922943493,0.7207052779403906,1.5817133930051104
570,2.728471957743367,1.851241642908928,-0.5061646038399485,-2.6045154639252344,2.5000351596241783,4.638458944378063
571,5.158794104420137,0.9066855455997553,-0.9786502076655355,-8.112569308024867,0.20582676121204768,3.7089760303786106
572,-1.043069179084653,6.984630694688029,4.082237157497025,,-0.6217720083469171,-1.4603153185862032
573,4.6348312250986385,6.301662687979785,-1.5764975673550543,4.692238290853278,3.4624569140040022,6.630809318580666
574,0.5346268280970514,-0.7809916063349036,3.995167290427245,,2.0335397835131577,1.7351154881910458
575,-1.930178556320857,1.3175796439593024,6.768232888403421,,1.4240564645469698,-2.0078934849805363
576,0.4434065184262661,-0.8739110601653566,4.193089943483839,,1.281251271120804,-3.3424880185232695
577,-1.1544315314298688,2.6314190541558835,6.1020212273606695,0.8554310301553771,4.36593191363815,2.272167671414988
578,-1.6455004282682888,,,,,1.1772525117062795
579,0.09021324615210191,1.4910160925726614,4.572487302270831,0.5662185375177343,6.055503382945991,3.6036119061175445
580,-0.11316931837537147,-1.5496733172590145,3.5570164383630414,,-0.785691030772291,-2.9598121275155056
581,0.6324167476618181,0.8147456198028464,3.042861369185941,,-0.4380014808247782,-3.5570772497292653
582,0.2052146602553646,0.1627965571024601,5.177029430248208,,1.4901986739435944,-2.0521344956115954
583,0.410443925220626,6.379485418996332,6.903115278563703,,-0.16870234842971155,2.666997918321243
584,-1.1538921390737205,-1.6138569055277063,4.476544889004821,-2.746743883966759,1.0162817499435393,6.219435697184934
585,-1.4676766218547612,-1.0324203121093363,4.428769451894101,,1.1795280573101297,-1.8759509180018545
586,,,,,0.13403082844293723,
587,0.25184569406714075,3.9960350798677724,4.376366589682232,,2.793700770979367,-1.960788864203562
588,3.992783046800171,-1.9503781557029423,-0.5804055433175779,-1.7152935393763027,2.36985688189435,4.629645164161424
589,0.4205053325138175,-0.12492507252482099,5.082175435683057,-5.915770964632278,1.8894948315911202,-2.125876180152929
590,4.2214543641192055,-0.7949349247234903,,-3.9420131888064054,4.926332034442958,4.68454470622883
591,4.876807214365593,0.39343225497706213,-0.34730654472349776,-5.5389491067684045,-0.6880218740176707,4.191464518942788
592,2.91381924360129,-0.8110447136875234,0.7032935711671862,-5.478236823837839,-0.5754773436029246,1.5511026784665498
593,5.985335665549227,-0.8003195139672372,0.6326412698708535,-6.4929393958629795,0.9711268469820331,3.670112502686428
594,5.899172657678577,0.9727742768990442,-1.7195620752442027,-2.8946525868774433,-0.3571441815691009,6.99703113860803
595,4.601302871506082,-1.8074231631391315,-0.4189592484568021,-1.5083576947842916,2.9130619168304497,6.011375863933002
596,0.9715154807946484,5.306809671767189,4.762659634565917,,-0.36591663589541945,-4.228794064732026
597,-0.7621435796182416,3.2690238240776193,6.519658528563879,,0.9498728207096412,-3.6870776368411646
598,-0.883942118683325,1.6115805411384636,5.022083256066793,,0.4564860621229827,-3.1518155235472145
599,0.32924017249506066,1.4090563501157234,5.031031441523686,,1.557546726326194,6.360754401855723
600,-0.977585575170701,0.6712206499279361,3.553486534265595,,-0.483851851375106,-3.7162079222466415
601,0.7922723763941468,3.3796719105063437,6.930958166754241,,0.721267355927248,-1.9946598903292343
602,0.5752390725962842,6.995570448332865,3.999891698732859,,0.09882222398538665,-3.722050497267227
603,2.7981700924205786,0.37288862785373644,-1.2728798093657137,-1.4719231458503268,2.551006422567066,5.939358282994192
604,4.720913085058433,1.569210614055973,-1.3727443128939947,-7.572919151646094,3.940965798488839,1.6182508076043849
605,2.2887939705503504,-1.258674580614105,1.309209595548319,-1.997674736342928,-0.8376543831795173,2.3646900816669447
606,2.1226103584413876,-1.684118036180827,-1.8323336042493654,-3.0913751416825512,2.6549102249554206,1.018730627234003
607,-0.7130146227315954,-1.041954931750999,3.293456436945033,,2.331977036088576,-4.497782902790054
608,0.2526146410399168,1.1783143002419842,5.652585056647986,,0.19028489254372305,-3.4392020169939603
609,3.030731821779125,-1.8613133623995322,,-6.951197262476264,4.724872248282758,2.8210612516797875
610,0.2636300387303272,0.3312297478591837,5.381465553597852,2.8509366990874847,7.241213213597986,-1.0815242161251488
611,-1.6906232178275669,1.981750091094278,4.660582721441784,4.309219315791281,4.540152624714449,-4.142027821008527
612,0.7076592823833281,1.4227852080946113,4.6887690397227555,2.3855498428403266,5.874606595896393,-2.574188120654267
613,-0.48424002758234397,0.0857855178005591,6.140255722946624,4.97282129126474,7.754312963882436,-3.301474841751067
614,3.85049202077504,-1.7454309593417712,-0.3232651446302799,-8.429136928667502,2.1571632266864658,1.6516450570826349
615,0.47937339979703375,4.306557119135412,3.78285070544126,,-0.8751429633210206,-4.770567846123535
616,5.473090069144167,1.3254950306472713,-1.3271805768296843,-6.830447971388729,2.8674622967792915,3.8367604521086163
617,-1.039847273071738,5.99273569360711,6.281013308194512,,1.1063811363160487,-3.078629784412265
618,,,,,0.2131261145657879,
619,0.6865702883998759,6.226660246972685,5.594988518923918,,0.4503346895729454,-2.2088690041949044
620,4.908676377468177,,,,-0.7343758923759707,5.062765164346639
621,-0.8323914390217242,0.3959163469110838,4.675879199899269,,2.957398086898932,-2.9757649592890583
622,-1.967481337332062,-1.540262904244844,4.832114564072897,,-0.8428294473825091,-1.5191017404314726
623,0.7161464752765123,-1.6245656315666275,4.026588962798298,-1.6992669352246024,1.6196294883180047,-3.886094861276715
624,-1.7261347256672674,6.4320931096325555,6.008457375490824,,0.7709453187484525,-4.708773530567852
625,-1.0420551591452538,6.9905131900363315,5.051499057067715,,2.7956650201513504,-1.257470388011884
626,0.8501861893332483,1.6385077992690842,4.283418293474339,-3.9217550072702405,4.743328295673622,-3.523805010793981
627,0.8518217258473946,0.6768029607210562,5.384200535890859,-3.2218172322581387,7.9119736969372365,6.247031860753734
628,-0.2796838740388914,1.3171481824134037,6.982937808974528,-6.916828410041939,7.97715194355928,-2.7193044636754675
629,-0.10448623890833852,1.5159162995138338,4.741049220469248,-3.235091052341758,-0.01599886319012389,-1.844227196324442
630,-0.6546602511717659,0.2870918793959627,6.6827656174167425,,1.1283486458627323,-3.742506512372472
631,-1.1203636061887057,0.06978819172561646,4.380067477815876,,0.9294263279337798,-2.1520443153475473
632,-1.014002489768676,-0.27828707184441104,3.218930998166487,,1.8114666335457634,-4.509201397277444
633,0.017557258051333013,-0.7322097070923248,3.816968568978202,,-0.7279563830389739,-3.876529255861846
634,0.25712501730233517,3.96598607781362,4.674780678141435,3.3958589605471308,6.222468658798919,5.4953031714469205
635,0.3747383339266601,-0.2616128937492652,3.8785398551068693,,-0.22484115367605872,-4.471487471261492
636,4.970826177598919,1.095519927808813,1.517321559071301,-8.741073544957892,-0.14173845334398893,6.631513618972148
637,0.3688556424486815,0.4076960212682994,3.0009083331689475,,4.680571035535564,-1.7661860174509476
638,-1.7263764464146247,1.5700937800426102,6.660006166318466,,1.9526037749032181,1.3233904248306847
639,-0.5167361683088143,-0.2264767303581019,6.375517673078014,,5.264419613429336,-4.155146731272217
640,-1.8273182813397315,0.4283605822701462,5.9691689724220005,,5.697971382598722,-2.1470153357249573
641,-0.3514107534642026,0.5252323400067584,3.6712585326578244,,5.237296959710047,-1.2301430508535849
642,-0.67540527308161,0.3667910054465058,3.4814544634708224,,-0.24344287504421602,1.0730797250606972
643,0.6631131963080776,0.8105368083737565,3.270419166034772,,5.122542384370028,-2.916699691428119
644,,,,,,
645,3.701973545001755,-1.050261725905762,0.228164609316847,-5.97560490902195,1.2939682862053103,4.968028927310127
646,-0.9472512166244855,2.532504235029477,5.896116804859396,-3.972933137225411,7.888918839369434,2.736114973957226
647,3.383740206091908,0.04945792421897388,-1.0744730189681022,-7.801394751643759,3.4863721934511944,2.5210066351196954
648,-1.6487938555152257,-1.583095619455209,6.7152318555900905,-2.409787701087618,-0.1390224536707525,-2.866950489130515
649,3.484155278788197,-0.4619511375780323,,-7.0930239878126695,4.613459386002753,2.9853230088255853
650,-1.5710200082447825,-0.04932876896013805,4.722143386347534,-3.7696028835195747,2.4465001996015108,-3.187581530684864
651,0.2845332714193798,2.1153949612328184,3.4765628468356056,-5.737642301808336,6.933311658912855,-3.736107825417063
652,-0.14534360687599635,0.6088990451152203,5.049571370861978,,2.768741984775903,-3.1282352706232075
653,-1.6966267844185738,1.8021244958186633,4.395327747264135,,4.001641247888141,-2.612142900020289
654,-1.7476742962473035,0.40260657074371786,4.499299810142106,,1.0739732891031666,-1.0568580456583216
655,5.950598259398709,0.9743771443664218,0.009712020042503822,-4.217538258705953,0.4092374056763659,2.6187768740848565
656,2.160437111857314,0.02506708720514239,0.9259469883425531,-8.109212683727689,-0.06376668989011425,4.068618790233573
657,0.10290912001531294,0.5364182370062995,5.485322564910879,-8.83035159855056,6.384730714021085,-1.2526040445765534
658,-1.7817056300372716,-1.7162657740296916,5.874872503774304,0.37037587187911025,7.663772023395497,3.640891087192224
659,0.4655812058754487,-0.9824293738989427,3.4424145558836052,-1.7203250439757793,-0.8008732521580928,4.0745716599683055
660,0.11872837667762659,-0.5525839445812994,3.1423610971445433,-6.817443079237737,0.0740024154504959,5.0362819050897825
661,5.468126032448039,-0.11002353585515112,1.8324722773690147,-2.4362840543757125,1.6169441174449248,3.3227834959186673
662,4.3147017862502794,-1.8173995106501915,-1.1182114843925866,-1.005174897746282,1.1344690709325784,2.5078466629201497
663,,,,,2.7761652745862886,
664,3.7544618792350244,-1.4398986470647759,1.5447277453360384,-7.280999802461925,0.5851107919406593,1.9972038223114978
665,-1.7559483567506695,3.1614034804989255,6.9773212117653145,,1.7754542526363706,-1.5594998587077846
666,4.901030740752887,-0.8927385954974765,1.7372168357857174,-6.852961427000379,0.9572924634020914,3.0968451864508673
667,-1.7454815765546208,1.8861309278824565,3.930913534029574,-3.6853430709097426,1.0503062701031924,5.450839037724244
668,0.9599188126034275,-0.6746081129460868,3.2153222702630764,4.96416066875092,5.1517364405787465,5.540229636169084
669,-0.8771840017931816,-0.07183277853046066,3.759501462479026,2.039472038128573,4.7421039744707265,5.001432560382175
670,-0.8880699269207777,-1.215604509912334,3.1558315587051893,1.437013697287729,6.606719210921197,2.404169604372986
671,0.43839978206289065,0.4431225304012256,4.567243688147606,2.7893965557346183,6.8504056551078545,4.528517772261077
672,0.8417460365678304,-0.8772629869253739,6.20960717343954,-1.2752038061990394,0.07109937117108744,-1.450002037330949
673,3.9466759508438316,-1.1720251099839478,1.6656826604459638,-1.6705440302417358,0.8198046800460486,4.424138279142959
674,5.493692997979553,0.06629330353142282,0.5416595313870285,-4.959627859891429,0.8831415150410227,3.905597560681559
675,5.602807491859261,-1.977971064362388,0.5192847539581826,-2.631959531784668,1.8265709334456475,4.299874242924647
676,3.6868839160638833,-1.969338142861836,-0.38715402333135707,1.5215389627758067,2.762560168021041,3.950744162337484
677,3.107311449769411,-1.1237202570193567,1.009592958069683,0.4322888535633266,0.317287045097816,4.392738509901544
678,0.9580032722532341,-1.85310899113858,4.364977917828796,,-0.8311953620523015,-3.159918000942328
679,,,,,0.9851819553861545,
680,0.2601359789742548,-1.567891836100245,4.77673372774769,-7.88383882954991,1.1778466430021142,-2.390380585397758
681,-0.8712176439456407,4.644766178162222,5.70234715277342,,-0.3262353961013521,5.293035932945796
682,-1.7494925609986878,-0.6445535873627741,5.035576368844026,-1.1797062868586101,2.0418591162566244,-1.4259079699060635
683,0.3314420338158952,3.5203228361943157,6.445782769071748,,2.9397164772513236,-3.463919116510567
684,-0.3247847024456858,1.210343857551617,6.464142724341733,-1.2839287408352105,2.7830990244947804,-1.155200196523177
685,-0.7273306495775091,0.2881970430854637,3.0396429605142194,,-0.2115735280454356,-3.371234171441059
686,0.7190636956913836,0.05067371610746085,6.112185265959231,,2.5014533192283546,-2.619143868340593
687,4.369401461401971,-0.8260406300549834,0.12517877819749956,-7.660951633761692,1.8179753982970166,1.6577698086879722
688,-1.6664024240078659,1.7270152715647595,4.84293449821631,-6.580139029547032,0.8153878310917784,5.49775469350094
689,-0.522121759184295,-0.41193635536455386,6.955362167227114,-8.16732224075215,1.1624453028140713,1.8153175240917925
690,-1.965933360448378,3.0897037329408743,4.93292839669405,0.007143156029540573,6.752122103937726,1.399768663747659
691,-0.5940150077811266,-1.651623664640498,6.947583783916334,-6.8008152920810465,5.277267581461629,6.85647813458366
692,-1.8310847270990427,0.4682682742917381,6.01827748908314,,2.3984011338915616,-2.1778578626810776
693,-1.6435411660978654,-1.5446413122600016,3.9944196739574673,,0.9205412585654817,-1.2005393903325907
694,5.649453414075001,-0.6191036502274898,0.7097541463434347,-2.465923753703329,0.49283128495993944,6.741950644246522
695,2.842649040716067,0.02965059748296306,-0.2861650863676237,-5.951755428042665,0.9729914342811385,1.3626199473949836
696,4.491866470239975,1.4968908245734107,0.9259874056443362,-8.260975694706138,3.462619368843287,3.659521050457422
697,-1.6474161671168406,4.4417074239045675,5.1535800003922345,,,2.117470216798698
698,-0.05236706932562796,-0.02581075601402283,6.968542559332565,,1.3165204305136713,-4.065985912389939
699,0.238136103312512,0.8090367823224274,6.430122456700179,,-0.2436870450616495,-2.0304151619575577
700,-0.2498913004260639,1.9712673974486414,3.3894677379429123,,2.6036312069875285,-2.9449355497774232
701,4.526241013256627,-1.4740385084327388,1.2978870833524547,-6.239215212162812,1.6967487354152613,3.912069754051598
702,0.8865178637170958,-0.901069712565367,5.825488040191939,,5.008809676065065,-3.9688136314582154
703,-0.8753846539516437,-0.42169220384802863,4.382318461499381,,7.82367520382291,-1.9067183453670618
704,-1.1428596191641383,-0.31268394934886934,3.0279292265991016,-1.148282917804086,7.693198039995681,5.981063580498718
705,0.6057981428524084,-0.35591230007671926,4.613923983682373,-3.949593537175919,1.5330767275111261,-2.817460627903529
706,-1.329208003992869,1.6304445433817467,3.9390178249018764,-5.650314912288797,-0.6020124969753882,-2.376054916347774
707,0.8896678305560493,0.8561322281188677,6.275477114746435,-7.638573345931636,5.829266488504194,-3.7482400185810683
708,4.9324521859202415,0.4316231190511022,-1.4142500478698685,-1.1101026821202407,1.4166968948018177,6.703670684083407
709,2.5262710537297486,-0.7625051430986225,1.3317198264208667,,-0.5161548146771803,4.8055161845400995
710,4.86329996122282,1.2951625537501001,0.1611887800035785,,-0.6852066409044717,3.1234344693293306
711,-1.9635308753025902,1.8202423052753456,4.349322554886784,2.2479175586842817,7.3847754784859525,-3.10542893824047
712,5.636130115472143,1.2847941620242465,6.310094806919105,-2.4269489487672242,5.80929395992032,4.619953680007638
713,0.9096366539452385,6.1349530433009125,3.002391935568219,,1.1092449464606629,-2.553100014743576
714,-1.8705147424455155,-1.9937338174973465,4.231276724930203,-6.723078637276181,0.6111438593809535,-3.4153751231205374
715,0.6734299692821166,5.2647228431338995,3.9646609940769366,,,2.87200833293673
716,-0.4168939472134807,4.251112080772882,3.934269582490506,-8.406961533443972,5.697556124191984,6.4589419100408385
717,0.9788944289564345,0.5456075789771917,3.272746647102158,-8.514036978847184,1.3552422670664745,-4.253682089494647
718,-1.7786049608880818,5.61736808430576,3.7484972282334708,,,6.222402872121303
719,-0.3384345721923414,3.9280728597306793,5.222198359693278,,,4.349390820346318
720,0.9079077840052607,3.0575259620317037,4.165444419144703,-8.006243558648823,-0.6431086998243505,-1.155695318984975
721,-0.43070371539755703,6.057413588241482,4.669579234381793,-4.33920469231586,0.7239338932232187,-2.982877825565141
722,-0.11180194693950218,-1.79545299855343,4.50746763376263,-1.5674038463672044,-0.3008507587595214,-2.079976134312811
723,0.08724782271777021,-0.9695668344881547,6.503619722378495,-5.008470360187967,2.948400380917713,-3.3904685070546314
724,-0.6363736579793724,-1.7618957713435643,6.621196013120144,-2.2509491451120907,1.2446021159922556,2.9487939793366698
725,-0.11732361047166484,5.49497240730903,4.971827978061992,,1.7497483456291485,-3.617420602177107
726,2.7187327313477088,0.41518409820231894,1.378664532757995,-5.413548047022704,3.78507190032298,2.7603385632093485
727,2.950173574693592,0.7463614625875199,4.320623922059996,-3.321150451413552,4.627051866430546,1.2005086654717154
728,-0.24705466540477405,6.04921054086944,3.4272029770862185,,,5.89492523900891
729,0.7034746018672184,-1.542044337649427,6.813611525931559,-3.135650571013655,0.30167506915988707,-3.406228578701688
730,5.885580386483596,-0.46464091209684244,-0.27478989280967325,-7.579431219758323,-0.6210417288538786,3.702299674698655
731,2.7239081062380444,-0.17505082624454027,-0.48383447505417765,-6.087954408650953,2.9034835207560503,2.9507980572151538
732,-1.8636553504675502,-0.5237842719073096,3.2409079490769197,-3.88891121572619,0.14503820095177367,-3.3979796028478715
733,-1.1571062818282456,-1.5158949256978813,4.190601236932672,-8.401960171042555,0.695234403230782,-2.8501025308107883
734,0.8512347383935277,-0.3242054861322383,4.19226493126456,-6.085372702403172,1.5994566970884574,-2.852985309502863
735,0.6707919849350612,1.0047136271275863,4.2816052671175635,-4.705351613327044,-0.9012079951296249,-3.04097502189083
736,-0.6330266003639307,-1.7159639808671587,3.657147523799531,-1.0300721511997049,5.705624277687961,3.826662511499662
737,5.417540425997785,-1.6792746356040738,,-5.18537333979726,6.14966779610962,5.912428073480781
738,3.9691116089141714,-0.5809111091904802,1.6602434202337488,-2.465119539607042,3.8215777239369584,1.7476858777023403
739,2.9889245691166733,1.7669031827631347,-0.995318608477501,-5.5236199208912,3.554489194663209,6.145936032130439
740,-0.13960001446850479,3.155752240065571,6.132645762798777,,2.2410370695450226,-4.511770909962919
741,-1.1678522809906071,0.6742924994822268,3.4899916061099447,-2.621760745625976,1.146314097265838,-3.0453518268304802
742,5.482999651707159,0.7146816810115901,1.3768502001591971,-4.222546641469094,4.090017397854003,6.385053084581853
743,3.7812212200744764,-0.5523163544364451,-0.06391473236449396,-1.9032744662363683,5.776452070825087,6.680247528645433
744,-1.4356318356637798,0.37464550972370936,5.539626702452441,4.184317346489175,7.12542489329557,3.384928389156201
745,-0.608901690307637,-1.9594695515851235,3.495384264826134,2.861576545168835,6.720184254346826,2.3028429889397186
746,-0.9399395842671698,6.348478540695945,3.2821427179885188,-5.6918797503167795,0.11287083089817562,-4.372478977851711
747,-0.24902926182313823,5.478104868758667,6.637718031076705,-4.151740271405427,-0.7535653512058185,-4.546879918808678
748,4.059269590711388,0.5443862856436856,0.05638457424781218,-3.946924561136788,-0.3500039215858852,3.241845362622721
749,3.4369337087067438,1.6531482907059087,-0.7661228833725218,-5.640581641843879,2.580135738281707,2.997473058590505
750,-1.7667907669250276,5.253581481586476,3.760515211324465,,1.7440978016852482,2.056924069296344
751,0.9231845707601398,5.498456260154054,6.285000650474005,-7.815608580843996,-0.00039094912847215113,-1.2733806338123284
752,4.371803552551638,0.45029610912814877,0.29217126635073387,-8.219856536133445,-0.7375942441162926,4.643600303906071
753,0.9586323130134116,1.4947951027215736,5.178523566548386,4.99603649586083,1.7624621422411615,-2.6034469009235384
754,2.6540957920350436,0.8958938147520052,-0.6991513208450999,-8.83227316462712,1.2896321376403332,3.8597453405875433
755,3.5643263662279274,-1.5177612593313436,-1.8429167988794724,-2.0073075674776266,0.6180798160246799,6.194206050820254
756,0.09448688389814497,1.60981379206276,3.311426244731546,-7.081525515751246,0.4544476329876317,-2.382077279344217
757,-0.39170822388710635,-1.7342192352403307,6.821792773786603,-7.280398509629155,-0.13274063648950618,-3.4280271290717503
758,5.877649300373321,0.13587257955694132,-0.9120013774949709,-3.1024946963704707,1.6784459794495208,1.1926581810775294
759,-1.0714131665846507,6.457733011921141,3.987844803768235,-6.416114578086443,2.8826721958095787,4.863207822225681
760,3.032533998376281,-1.4314465542980015,-1.974478092416999,-4.934385202123558,-0.29713663827202075,5.577693442065563
761,0.4413861336667033,-1.9531678538639037,6.4385814067215446,-7.670652225045285,1.3884676425365596,-1.3694325063691304
762,0.05419533700509471,-0.31185962418288793,3.6752401730324573,-1.320627869301557,0.6967418844329725,-2.4695842392710974
763,-1.5121443496214353,-0.8198331012264111,6.415771554906895,-2.182163516661583,0.7867564834959375,-1.9369038594363106
764,4.626946781971231,5.347746100726205,1.913419273136942,-2.0849242503311114,0.016591272585146033,5.556919588623566
765,3.3007605002849862,5.323801595122814,1.8629890369439164,-5.725084535533515,2.3005400071992668,6.316443884753391
766,5.093892584448692,-0.05599505863736609,3.0529154295724017,-2.892807931969079,6.540627988353064,5.374202652437753
767,2.5234949563444253,0.30880198681982995,5.047121914321906,-7.819080458647331,7.638221721904056,6.566860421960198
768,5.879284191198934,-1.8250381924036547,,-8.89641221776571,4.072128127843439,2.9959400803117355
769,3.8151583625383125,-1.5079817585599515,-0.4193753196919494,-8.805977448794495,0.9410239018258537,4.019256858867824
770,2.9442021289223734,0.23457213277431088,0.9134849848675344,-4.2927432542037955,1.1736247262439645,1.0844786908883568
771,2.293987323485421,-0.627326796880139,-0.6167718311566603,-5.337813953767798,0.21904565722326375,1.0417462401482505
772,2.679031919796664,0.9166955130749319,0.6843745263891925,-4.839038167570542,-0.2727637765328236,2.4407602708417606
773,4.079095967428985,0.6091686009122024,1.2217212950021186,-8.905618732941123,-0.6563558096862557,1.6048438314648483
774,3.348012944850673,1.3824183429411245,1.7870252860263551,-5.598337512958798,6.228190384709263,2.5612687412590835
775,5.3155335252477105,0.7699730812296479,-0.39914743536513386,-3.245604890844983,7.14939541281325,2.062260360808015
776,0.7327820675001362,6.962716629943955,6.07777035926423,,1.8564773885766341,-3.562907444274578
777,0.4676127528660168,6.026920712144792,6.739182081729906,,-0.21506055407326496,-1.1623056015903819
778,0.8494000295688571,4.76917532237953,6.636808561200151,,1.7603023110077956,-1.7287199024742534
779,3.723550299911135,-0.28027240070355663,1.133193182361391,-5.4389798395641815,3.179797961407769,1.1711208498063856
780,2.994857361319534,0.6918683768116833,-0.9362819613144617,-3.1328909233555535,3.4677583269403933,6.4558249438595094
781,0.17716010797433435,5.82958805289882,6.278499510718866,-7.109052358442165,0.5615075431878127,-1.5928006382696291
782,-0.15975218130117352,4.556921996911418,6.552765418808438,-2.488335728297347,0.663100889674515,-4.359935655330601
783,-0.7452675339433117,-0.8984711213707435,3.7968788877585204,-4.278171146945863,0.8767115159995431,1.0493395037489555
784,0.798185838270397,-0.7747420017828548,4.136737311934878,-7.286321727636492,0.47083585691594787,5.416493056398956
785,0.5981924414155289,,,1.4342342570982929,,-3.9590477759848524
786,4.468580084501861,1.1559418574009912,1.961329270964631,-7.079569586057327,-0.5975174960500371,1.912887933112966
787,4.827108973299534,-0.2143187398087869,-1.8969159828843656,-3.9627608274604498,3.968072508667383,6.473377795310529
788,2.6681679320298892,1.1935225255738142,0.41411751394800667,-2.3545418738367427,3.7529862375848815,6.356775714870679
789,,,,,0.23852923199091935,
790,-1.8643384798592926,3.9155019889961804,4.155874227909424,-5.654561600203581,1.6549384130323237,-3.8995313326458905
791,2.6704771653711403,1.2896905194325077,0.6380258915175052,-6.907683896160894,1.6631385702168926,4.923407127873031
792,2.1466860551814673,1.430250172619927,0.7521840285134258,-2.059260944841121,3.811162637933477,5.033405135236655
793,4.945608155335426,1.6665414244435943,-1.5184446088038843,-3.634298931136218,0.1448992884792224,1.0320355693140957
794,-1.9208934578973311,5.387407580253508,4.508215836346938,,0.8404120640437205,-3.9592668912398574
795,-0.8706063010802143,6.712728405407221,4.573282790947405,,,-1.586875945041867
796,0.43166108559839267,6.716558092840608,5.178221380752168,,-0.22620876073520857,-4.929430139280408
797,0.9618284613713468,4.367621231100703,3.6395192049704184,,,-4.749967494584139
798,-1.548744423941869,5.110709950063947,5.7649867108235675,1.402276361883667,,6.909229407594468
799,-0.2176055117658624,-0.27605583429418035,3.6702663073364694,-0.4381217796038659,-0.15850939549837095,6.266995709580013
800,-0.8573238573713176,-0.7245287960534526,4.241234052794999,-5.396033929209533,-0.9078088274861477,6.370637430045397
801,0.9097433670608586,3.846543736450558,5.0133806119898,-5.078907267018015,2.5869864975571613,-3.947067432584023
802,4.65521823174409,0.3287973974108185,1.754119488622918,-7.338147458164081,-0.1571710622834923,4.955467468108279
803,3.8985236924860898,-0.5153066774310424,-1.2752621585978285,-3.9725406067880744,-0.08986226339028558,3.068722044563426
804,0.5263576805022903,0.4042989693096122,6.18576228280318,-6.107656378043178,0.11840780920932992,6.361891971259149
805,0.5149870471010514,6.982524438783406,5.957876979938211,-1.0346864426540145,6.1653415721621405,2.749102079969534
806,-0.5939174545662473,0.822345149571164,5.582137489565313,-5.140371110413639,-0.4903651954527063,-4.247592056301478
807,-0.7555381160457506,0.7536218721110892,3.6230931945658873,-5.094953596273047,1.5570525735917091,-4.117763226389535
808,-1.1797745912082112,6.92447163487688,5.188181464146735,,-0.6994255187189722,-1.8201173972533882
809,-1.830868064608544,-0.5017848426089404,3.349786171766582,-4.458017915588394,-0.46318779653336517,-2.7732017021471695
810,0.5941679094210259,-1.332554385347983,4.509452819470978,-1.6630436893053657,5.295582271284798,4.376269575490082
811,5.376681852080411,-0.27787935986774537,0.4910157899621874,-2.5864964064644242,1.5790279313747642,1.598386483469963
812,5.22268068188988,-1.4296184757815555,-1.1092911977511686,-5.371783637313243,0.3586443872605618,6.5317338370936
813,0.43870410709521823,5.598035782036252,4.654066226924429,0.7987485133944017,4.545002338250848,1.8446233664302252
814,0.9991530214876339,1.560388774959814,3.1592459309404135,-3.2405781015028152,1.8317921494883576,2.349381393501071
815,0.9899105306297511,-0.6164863822587461,4.0959525288066,-4.29566036795839,1.229700255681543,-5.03542337682218
816,-0.3337023176913543,-1.3821561316895457,6.822597877063993,-5.04332849757595,0.02408683891303398,-3.3162907814533105
817,,,,,1.6033128094538733,
818,0.30696357866170687,-1.898203336461509,6.814530439680508,-7.433255848715979,-0.5349027289358693,-3.4033036593591492
819,4.341417607138791,0.5832915890229968,-0.7711303340211542,-5.2697814965409595,1.1456428699556664,4.34880526750804
820,5.473085169564121,0.5476113651716858,0.18583678419531346,-7.00710255634901,0.7485940442257897,5.584558171448776
821,0.8342975083914765,6.21765627398125,4.409308333809468,,0.0714964437379535,-4.596359344492233
822,2.823365126579274,-0.6375795284540486,-0.33122296249976135,-1.6782876513752312,1.41602113355691,4.716108110197717
823,2.447678797898162,-1.7131470876734922,-1.3590927499502237,-6.2935266779078365,2.485334740613535,2.3928040306990965
824,3.0789987094500795,-0.3614810135240234,-1.3162496059824125,-1.3802201372138585,2.9956188022126717,1.0056589758320211
825,2.228347764441246,-0.755126044941959,-0.32741748959700256,-4.719244086740265,1.431052206729983,5.542903657023418
826,4.124678281098957,0.7084844222021183,1.0291333137657757,-3.934772279812008,0.618825214970729,6.911243966137218
827,5.746422792044506,0.4231192727674984,1.5918591762135683,-4.640508208061719,-0.09916936355768069,5.859478858955208
828,0.5489430396823545,,,,,3.761240098318212
829,2.157374509157573,-0.5416214204272647,-1.6634840656751204,-7.934538337108123,0.028386501145878817,6.42260363781187
830,-1.2579513513904494,,,,,3.459086464414912
831,,,,,,
832,-0.6483644232870565,-1.128425269618933,3.172400608357626,-5.971623387155047,0.9178214145730039,-2.3144904763654366
833,-1.6125167291259934,,,,0.46911263077165666,-2.2091415161795944
834,0.8621533469370568,1.9521439336640383,3.7163799053521744,-8.175358075280503,7.550252297403027,-2.1328513297862375
835,2.488439972671986,-0.18399036438522876,-0.42758086750546886,-4.003194836246726,3.032825673236461,4.14960484814834
836,-0.18147382397229794,5.860400696512745,4.568871283339701,,2.65525833917825,-2.102094507897195
837,3.808796310711153,0.7530987420182067,,-5.405681947101371,5.88304961727094,3.8627789815451514
838,5.7355000939611624,-1.4377831700165902,,-2.768363714452936,7.512460798932968,3.6857436344482
839,,,,,0.47318369333500754,
840,-1.3140671321657176,-0.05763823281958902,6.791118801294164,-7.209001820730851,6.34340852707574,5.651144777928975
841,3.26462466655152,-1.8898475086615552,-1.5990125528338253,-7.654284075044011,0.4937801724366966,4.160613784980942
842,0.015103947756959224,0.021823325545887284,3.564796409022211,-5.728601251150578,0.5341398284775327,-5.058631183658636
843,-0.1456130749327451,1.8560698361180272,6.054063417319661,-1.584752056406681,2.3464813128845856,-1.1870283425592065
844,-0.9255081420070315,5.372632949526446,3.434730318236168,,1.6031542909985153,-1.7540979283625369
845,-1.659322107947081,3.213392158671849,6.925030312945057,0.8203191473273885,6.69676849583759,2.900303225035583
846,0.014721482053496215,4.8190574685367356,4.526466107953884,1.4259340113074763,7.2170446351632656,2.5489495410765026
847,4.028939412481022,,-1.9336244024523532,-3.306508520853611,1.4566765145478298,
848,2.1662917818810463,,0.6468766827190378,-5.628310004565119,0.3365740107906465,
849,-0.4390741290953524,-0.46316959445622086,6.100938196129723,-4.844957636441367,2.2716172327467143,1.226484595923014
850,0.31695648910479846,-1.8440104039686975,4.370364449799593,-8.294301168084981,-0.8465417798845933,4.499171271959337
851,-0.43950672763860865,5.699145267317662,5.5106755757802635,,,-1.3897234683199984
852,0.5565453539819798,-1.876171244192711,3.768064484669436,-1.1228539588938613,2.483189062152637,-4.995351879691953
853,-0.3442768978345889,-0.4480494284257204,3.5840842311917456,-3.6570868736147064,1.0510010050809189,-1.2684569357050992
854,-0.31718355166846446,5.710126513687678,6.752256569441844,,0.5930026757347191,-1.7720389934076834
855,0.6299615197785544,4.492490586738638,6.670589126468966,,0.9886705737378327,-1.660702365369628
856,-0.7895479590004508,6.766767957147207,6.549875781145028,,1.6696630817702942,-4.680206509004184
857,-1.5979493172503312,3.6694282791033492,5.501733868214533,,,2.3797690478714904
858,-1.9136463663895267,,,,,-2.0602596479523934
859,2.593373111018577,-1.359895406845484,0.40980006203863684,-6.691801698139262,-0.9489354453744123,1.8888041465896284
860,5.94652049665755,-1.9065859786781791,-1.34791871471742,-4.299062282780473,2.48620779645562,4.922980032674901
861,5.860474798324951,1.0248558626355344,-1.0647442461388823,-8.093029161434586,3.467859558598718,5.087255776888147
862,0.26541318006709846,5.0014378749658555,6.233072879441423,3.9642005252361256,,5.512929532328405
863,-0.13906915483387916,-0.1659048397340075,3.276147915532463,-1.272113089248867,0.7869596976162612,-1.1626919678804493
864,2.0197602826296324,-0.8430168105054143,-1.9051633514652655,-7.572889656950207,6.636622209133949,4.021461736125034
865,5.807247159073178,1.6003333086627547,1.3397897752591013,-3.8034607321079106,5.592219416992205,6.364327707646749
866,0.11224101198485958,5.763535961948307,4.339156287524778,,,-2.304726708899743
867,-1.3611029736715468,5.788543278184817,4.254812622793255,,0.3718679745963045,-2.743024953318336
868,-1.5908805894393012,5.594555890438612,5.5425813535170345,,-0.4470152509685602,-1.2206807432401723
869,-1.9563603161616325,-1.535439058640343,4.423831210027121,4.528784089146382,6.054533579569521,6.618056566308352
870,4.5564798814219545,1.8236755702035155,1.8987625302489197,-7.010002830843834,0.7578631147932005,5.844225777707397
871,-0.9482335759712708,4.101152984499695,3.594027280130344,,0.9852925384413422,-3.2610322123828572
872,,,,,0.6145884986841033,
873,-0.2302445729459559,-0.7441291715512479,5.385868374426039,-3.2496414140008056,1.714641302497639,-2.6264055452805604
874,-0.8232643574818088,1.553615333231311,6.257535716149748,4.875435884480005,0.6835877859746453,-3.1254620133495408
875,-0.6875719877267439,0.4117737972426354,4.5284940892658065,-2.777631896390311,2.84567042271152,-1.2725668189564905
876,0.7124766365592434,1.3068304389976804,3.5290750168778695,1.1614493780536181,1.3971112275338868,-4.7500294415594215
877,-0.9552298378631987,3.624826426913553,3.7867529341180273,,2.229912298108335,-3.024878107241872
878,-0.45802872786636195,1.9360527450981928,3.9499333581874088,-3.601232472124061,-0.5625738177090108,-2.2706117058798267
879,0.35096028671183466,-0.8463741422774462,4.19959049823242,4.4064878993218155,0.5891669108316093,-1.8446192309179077
880,-0.8103681706242132,1.844542165908493,5.571180346442455,-4.070536130866265,0.34739271923976234,-2.6924629281119024
881,-0.13373771846616767,-0.4420688972315947,5.403782010115117,1.6412764155092519,1.277930794756372,-1.3696888135125644
882,0.5870919205074261,-0.4579488349836922,5.784319501076163,-1.856490453745418,2.4444544809869733,-1.235447760578944
883,0.8485621622777273,-0.6384477765085759,4.450008053090448,-8.338796401669992,-0.6866444696008673,-4.797783803964348
884,-1.5587746351712932,5.543761372960224,6.295990639259625,,-0.7096981318403535,4.813561154912796
885,0.7797632991303123,5.397208536818352,3.81635078815538,,2.401271264521764,2.8223262238061704
886,-0.523648189882026,0.16563307582093034,4.876163085824144,-6.329306121493441,-0.14859738461428684,-3.425685706025029
887,-1.225262554603116,-1.3834149460528082,6.203754922063808,-6.987437670894002,1.6750139735743732,-4.963629052926662
888,5.471673225718488,0.21484851685980133,-1.4581568637582594,-1.0954695486766886,1.1715138484168046,6.897669542023962
889,3.8189596191964386,0.1668218943555042,-1.074094709960086,-5.863548945094129,2.331574861715599,2.6448175267515754
890,4.062384289028781,1.0476086244290286,1.473638855165926,-3.1297567273463702,-0.4996418361971283,2.2159421071038947
891,3.955386505387284,1.334600807717922,1.7058556161851464,-3.511183969021551,-0.480865626196466,3.6529250851201427
892,-0.6225896100828097,3.717424189149331,3.720634738778099,-7.275822674890912,1.227274719863859,-3.721794249662682
893,0.940097841083819,5.820556635456537,3.4394526154876304,-0.25911604562573676,2.78551476815183,-2.879780395719606
894,-0.5221427900378088,4.820688065187203,6.534735891728028,-0.3381387121210687,0.6599927214409949,-1.362069603799204
895,4.667457150337723,-0.23823136966680614,-0.3214871195766704,-7.06143150961684,0.30777034305142603,1.3410441046198764
896,2.55860532933043,-0.7906629765206319,-1.7975046322856563,-6.7246138147630194,1.4267584276451342,6.8709668035437055
897,-1.0137412955183307,5.6710424263276265,4.371718769530791,0.5642040024843289,7.212182116462596,4.530601635380909
898,-0.09979532149097614,,,,,-1.6228123131034415
899,-1.2795587587216004,6.349468348409314,5.735480556645999,-5.690408396790026,2.7217946028628415,-4.541343895413965
900,,,,,,
901,-1.7724046826950999,3.678913864036268,3.1013945928213347,,2.347711801904838,-4.681249672835023
902,-1.6133558072344858,3.07657964887169,5.760187609533772,,2.981934455964411,-2.6671004548721515
903,2.119894709353741,-0.9626561365246884,-1.8424271217812584,-7.098649179518769,-0.9097228469223961,4.341712869576482
904,3.2317200159762427,-1.2215000055410203,0.29580192291278595,-8.808537816988931,-0.5485648614012004,4.934777927688757
905,4.818723157460473,-1.769404233106137,-0.42841606096542817,-1.960641914929587,1.4378721803032033,3.9821422494838936
906,2.8074140963622742,-0.6302042900805758,-1.8853846842672901,-1.2739198636699207,2.2823062750418437,1.192381800785657
907,4.693729851084006,-0.919005020245147,0.33301197420424455,4.35012481511513,0.14097943157388948,4.673868012700601
908,-1.6158574512809705,1.865669737263125,4.26440536952003,-6.244433425670952,-0.04315345269253923,5.297043466475802
909,5.879648195281016,0.2308378573602028,-1.9547841480996118,-6.26883445711419,2.147903812182104,3.500494784470833
910,-1.5442870252897924,6.116410385419095,3.2229635846345044,-8.908576381053654,-0.7744698618833564,-2.899060908814271
911,-1.5835135124226396,5.438789770996408,5.439251116557613,3.1805286982064267,5.494601241968911,5.543773607501351
912,-0.07737369316160225,5.7985583326545465,3.9632154012037555,,0.4775324099055749,-3.9776598821583002
913,2.375603189963869,-0.610888077164788,1.149489059624324,-3.5468234491996693,1.0232383163010608,2.3620083536310803
914,4.690408590984315,0.3218728249991878,-0.7742647067708099,-2.390382248145314,1.2413959659655995,2.327660108127164
915,,,,,1.9144614102214594,
916,-1.4543550256218278,6.352619929141195,4.5472290787887815,,0.4193847552425223,-1.4081044053542842
917,3.7750010778429597,6.211243774858461,3.3223234149512315,-7.7973187515135685,5.5524858822461205,1.9685025310350692
918,,,,,1.4507384962540615,
919,5.472569065067645,-1.4432082271205524,-1.8389624495140704,-7.693310566981294,1.3415028875162716,3.231969011744881
920,-0.9629943740257008,-0.22382179489630127,3.58865315817769,-2.6720001633808463,1.1904657079176995,6.082072322691962
921,0.690365825328241,0.5049394425995051,4.191909068583962,-4.0562684080966305,1.5619342099137514,-1.2948085293706537
922,-0.5781120435657228,-0.044405723377839657,3.3590381663905498,-8.60774594443108,0.037798821048185216,-3.424707934995517
923,0.0026751340104527177,6.843680594762837,6.643305074826573,,-0.6614023445187174,-1.4452449833932723
924,-1.4830356100445943,5.143740399096488,3.024188351982277,-4.006437044827468,-0.5229107705987852,-3.5004563199084058
925,2.708599454569986,-0.3928813451865769,0.3534112594566994,-6.504513956878663,-0.10166823200433073,5.967472497029562
926,4.770503919766398,1.9753935910983167,-0.40925886644389964,-6.028143981113221,4.382760545772213,3.296945692979139
927,5.352461216980001,1.521259739271523,1.8952018046203503,-2.834103787223772,1.0007931842136186,4.534712712269527
928,5.778456897872289,0.4936260058748403,0.17679728033886488,-2.505913123645212,2.361771462568525,5.324898100237901
929,4.732992227402693,0.2775119297527431,-0.8990390934249746,0.8236556854433,1.8051742302379024,2.447241195121613
930,-1.423128282460802,0.48264410837893634,4.935440968536278,-5.7761973151624435,7.658337748588779,-2.0682198441274378
931,-1.87738861627527,-1.1947469596672402,3.492989990641014,-1.4209302002796358,2.1561630255077278,-3.1270696244628424
932,-1.4931900149000457,-0.41944553642259397,4.230716482762779,-5.727561914052732,0.4039043683909904,2.008847115427698
933,-1.1642248198158893,-1.8421563253796152,6.704238252607249,-2.8173403805126105,0.618616684398672,-4.561299494594565
934,-1.4689637978876862,4.953982622882718,3.6467783642733265,,0.5747292934249744,-1.2925039502210671
935,-1.7338871398420097,4.60754890742471,6.863329285035023,,-0.23250493062322708,-3.215737640005706
936,-1.6380873120912753,-0.09781282355022292,3.8231776511822417,-5.110950164080332,-0.755130658672277,-2.077676108135793
937,3.9886992373895556,0.17210097293004423,0.8377571352969817,-1.8161614867466236,1.363665551674375,6.832575979402347
938,4.471389098637311,-1.0889965991095707,-0.9140277857780623,-1.7346875161985071,2.9568667647963878,4.705344155131726
939,5.475619985197399,1.856115596243255,1.6169737182200696,-8.26878272520201,-0.3326787761800468,6.888494344407703
940,-0.6176605841808571,1.6378189662654579,5.966264480472477,-1.5058346244910332,4.364145341741602,-3.568543778873212
941,-1.3809942647181486,,,,-0.8132579697194902,3.0265364005013318
942,-0.907186748204236,0.8885745452707214,5.1867091413400495,2.149157110144219,6.5928367415146525,5.218190414062082
943,-0.48974532177139807,0.13354920777925128,6.537914931219781,-2.389625999080299,2.118127363432194,2.3356223800202254
944,4.282439141425097,1.4798773889686332,-0.5011085096356618,-2.6622233324285753,0.01034618331766346,2.567201560574769
945,2.1215485885012493,-1.4773856079019727,0.19947684870919447,-7.364791615818152,5.652777968122527,4.0714130797058505
946,0.071186272547904,3.6147643239975253,5.215973102443984,,2.3185757129552957,-4.982211029086683
947,-1.8820580365693445,5.2904290086027626,5.138236960561367,,1.8157475223954116,-4.650808395975526
948,0.3982323542833035,4.108050227685212,3.7818321465621842,-2.5522378026415398,2.782694304956099,-3.044767349048283
949,-0.11629668422652029,6.685230063043059,3.6649175985662206,-2.1937022274685765,0.635710648500474,-2.258386804927145
950,-1.7547176051972186,5.332763292274455,6.665956619522142,,1.647880333150434,2.9177092438400827
951,0.6207366018688407,5.371360795458367,4.311352916615691,,0.8594206673542464,2.0057299834774778
952,0.7626176582225075,4.419698759838907,4.488329133088303,,1.522355855128817,-3.7002065925626693
953,-1.8167607021335612,3.2079575788721018,6.039294677026203,,0.7983972121512188,-2.2359653276222113
954,-1.169362882586611,1.1620403860190456,4.355294048925732,1.436289502654613,-0.2454686731935729,-2.223191611836832
955,0.41860495774675743,-1.5007116936760216,6.808249795200919,-6.661962453068471,1.0315910839200189,-2.2016784398664515
956,0.2447805238860543,1.1768438377602728,5.951711123256487,-1.380251489064701,1.1143381659668787,-3.059775439915345
957,-1.4464322359903548,-0.8969255476167801,5.38971704289203,-8.567923904305367,5.62247761461614,-1.3454639750801265
958,5.723794806932902,3.126975236104252,-1.7977021057801434,3.6839732232759657,2.2424159395218757,2.5772847436550013
959,4.758107116105785,1.5083630333545741,-0.2955117364695241,-7.771026453419902,1.9420835862994938,1.214491062355519
960,4.706053659782105,1.7761686982217204,1.329455126035205,-4.68319542210449,1.6551674658571198,5.226541942078154
961,-1.3719474673277534,-1.404811210278027,6.523580663658004,-4.378839742394906,-0.5464490595681871,-3.0732724654694534
962,-0.8885800587660184,-0.1492944789636681,3.198423804789025,-3.826401983718978,6.718207375185045,-3.2312887005542095
963,2.8627008924762256,4.693340680606724,1.2225963430091433,2.2670819416746397,4.268375014638215,3.9527003088754684
964,-0.5464280697283539,1.9239496223681816,4.028250902735823,-8.829902931373107,1.8824659687850376,-4.249589640050614
965,-0.1452334824457262,-0.06636727497125494,4.860145433357312,-1.315681141681602,1.001222067231163,-3.810121102380208
966,4.635542003961674,1.4541908774938557,-1.102721288307774,-8.60991614450567,6.374823168440653,1.5654590517925087
967,-0.8932554394373164,,,,,-4.8870164313333415
968,3.5754578412338107,0.35492846186050664,-1.0956792498391366,-7.825565634275401,2.5763984499884796,2.030164556267282
969,-0.6123927500127611,-0.4986767634950262,3.9079142972903536,-8.853436600763223,2.6794839677255515,-2.4874236610687577
970,4.604932033957066,-0.8568616563186722,1.2692223031417187,-4.449999917590042,-0.779370911353782,1.615207876060188
971,2.426372443460374,-1.1871030376404663,1.721594082331915,-1.5394985447088851,2.2825667589364604,4.675557129110406
972,4.631381341818349,1.0471941401183116,-1.6185510944451762,-3.6607519067215994,-0.8492076616936887,1.565262835063908
973,0.24241427168805596,,,,,-4.050077389334086
974,5.997654903294119,-0.4538344325750945,-0.19976226871075164,-2.412544456956164,0.46868032874075016,5.525694175459082
975,2.192848498727124,0.045104669119232055,-0.6501790607450266,-8.859277493595567,7.088127164444957,1.1230662224741903
976,5.9086967451179415,-0.030695150323082343,1.4827545680567609,-4.6478770544210235,7.312851047036164,2.4962552694361317
977,3.6276320568041918,0.3091185563574388,-1.66589505251426,-5.304614995158204,1.1692012231261064,6.344000134218746
978,-1.8899448322498607,3.3382616774755647,5.9756207953919445,,,5.311188111770161
979,-1.2426848529545134,5.427387893060546,6.676832138784672,,,1.4378106662659538
980,0.1400504118468724,6.523892044023585,4.695080583639186,,,5.9267567559412875
981,5.48301384796487,1.4623093582213988,-1.1554916773581931,-4.9907519481312965,3.6466211973847935,3.9582110949389957
982,5.129542014720929,1.9229574854825089,1.0098747787939277,-8.389880538313825,3.830032714279448,6.080698273535631
983,4.268065200112526,-0.36965974701027204,-1.79481912931145,-3.513492266708324,-0.40759434743244194,4.604438934707662
984,4.953796931339801,1.3100766837736042,-0.029855548681941402,-4.9568807510959205,1.985255982259184,5.090998421706049
985,5.514062289021636,1.0581125374744842,-0.23156864180990144,-2.870604234053345,-0.9665783220308056,6.961009367061881
986,3.616561501515056,0.29411826688803777,-0.6623914430282145,-5.099692586824858,4.68212163236708,2.3940138292968216
987,3.308132888974405,1.8241888280894967,-0.42170724494121936,-7.775228956291661,7.589676209562258,4.74367371983419
988,0.6856211177986908,-1.1980973240098107,4.3685305190853265,-3.801655561883158,6.624584398394538,-3.824326383628951
989,-0.46496485565650736,-1.5629380185313688,6.846202935484086,-7.591994862668635,7.5274192139356995,3.76192872964012
990,,,,,-0.32560140735019183,
991,-0.4036568441392354,1.415848710573387,4.779409831423737,-2.016385357004638,1.3231885289773626,1.2367124104249276
992,-1.6784788136769302,-0.2433974969283672,4.956193693940544,4.946399740997687,5.941122914852226,1.0868245599261717
993,-0.6577597106742619,1.387876299935576,4.406599606289053,0.27372627501202007,6.1681334216829455,1.7153721022492747
994,4.670373662144668,1.5723614377333488,0.11976506032504308,1.775077261197045,1.8575510722516408,4.894550696358029
995,-0.4021455034773176,-1.7501642151834138,6.638193908360298,-4.081553574917715,7.676153115414877,4.402978839706108
996,-1.2725841175683632,1.5338597244421315,5.2758220108606215,-7.712924262583995,2.6665726512925882,4.320577689114763
997,5.231383837069952,-0.20672059489922678,,-1.2999797492867726,7.599638182443687,1.1911412735371099
998,5.049140624843966,0.041732781197759694,,-4.836249484062754,5.79264354323448,3.8158183609769143
999,-1.1922660901236242,6.5316592871896635,6.048698391615269,,1.821987457494685,-1.9302284703313295
1000,-0.8681439171371204,5.636181702015612,6.247226907341732,,1.6871180280633549,-3.730705340512031
1001,-1.9397807517244374,,,,0.5773663329629588,6.547736961428301
1002,-1.033758591126186,0.506372199221061,4.367396286357915,-8.38442234709861,-0.9948594162116629,3.3855516504093828
1003,-1.3656514284592682,3.8449274681357055,4.734777427407311,,-0.5193604263763024,-4.075809869379805
1004,-1.017504062609078,1.70553085174929,6.393887124951185,-3.972299469677707,1.1382195220145135,-4.372666298799666
1005,-1.640708524893177,6.451987350142211,4.453021521531777,2.4095015830095727,5.097650591967806,4.749535089291917
1006,0.6715824739614178,,,,,5.678912212566074
1007,-0.2192202940539374,6.544373761794386,6.1757405709684985,2.515668490567997,5.57268179297393,5.7035518307162505
1008,5.191254668357841,-1.92352996182688,-1.354525726891534,-6.948317841800039,5.551057369323333,4.115680841137662
1009,3.742333462821995,-0.0926231077134343,0.2879859830471265,-2.5635940461598246,1.7005204807537464,6.147711774880004
1010,5.271336930402496,0.7508899718060815,1.221730440004954,-2.4510586826457033,0.6697948164731129,3.3482689992102754
1011,2.4808365387999025,0.8908294309869011,1.0406451032164166,-1.1676856394061677,1.9227168232088927,6.332159368999643
1012,4.177956556134207,0.7701315004726281,-1.3843954985770244,-4.967640626099072,1.0874505609411262,2.4413635464333847
1013,0.03730880925973623,-1.4622544873929173,6.763969300939008,1.579680098823687,5.147467564233275,2.681298961157407
1014,2.023035000589204,-0.8024136034873202,-1.4029972115496394,-5.34130285468326,-0.7032925462625997,1.318724428222926
1015,3.2983435632052194,-0.5651341976276227,-0.9272983058239515,-2.963582362602147,-0.23193266478224028,5.773491166710196
1016,3.4658463679862637,1.2177499592656453,-0.5556974075459302,-7.909925978449142,2.3599933546428495,3.502331837901888
1017,0.36751493246601563,-0.884956348231891,5.492841560221089,-4.608846530160867,1.8996517802309965,-1.9138149836853198
1018,3.5846909842216603,-1.1571755896921596,-0.3661742607001004,-4.6141665046378595,5.0743184832829,2.3747002395430745
1019,4.781868936596423,1.829792321710021,0.7187907157266313,-8.252404046921168,7.444251758446615,2.390742219845518
1020,-0.5046705088388077,-1.9645411399254702,5.966509196401681,3.6462016361113947,4.279447766607744,6.408399718500289
1021,-1.7392338665659781,1.9912834353032502,6.22038928331268,4.373735548146559,6.710444757467672,-4.532387925482427
1022,-0.3886777032933131,0.70728706041909,6.380158623531635,-5.635793494279444,2.579048251702395,-3.2171291467355143
1023,-0.23947426169305075,3.7866144846848115,4.580213460521371,,-0.5297684573272388,-3.001294528862625
1024,0.23631989156288458,5.949704390434467,3.2050540077961696,,2.960890166672069,-2.268836077417565
1025,,,,,-0.16237086303252046,
1026,-0.7050180815497047,1.3138781876604526,4.607505192810718,-2.1685958396969953,-0.9528776434557397,-2.488445724187507
1027,-1.617254057081095,-0.8215183440269733,5.695024977970139,-2.1457454800245612,2.9896917636500353,-1.7682555637912905
1028,-1.1486681494402977,-1.9427332011732934,4.801401642245262,-8.174628852707952,0.1242976161606586,-4.8772064393342385
1029,-0.9107494352993961,4.146078324375322,5.995852648712793,,1.6720787679426607,-3.8556384685826512
1030,-0.062246232675523316,6.210561285002947,4.427929833834431,,-0.29326836770446996,-3.921824464613323
1031,-0.2876626090541732,6.98895160011252,5.538976630285216,-8.242465560264042,4.691280280411332,6.00349972257004
1032,-0.9317061064896517,3.120104196239644,3.7456793661344028,-6.872677062437676,5.378023632681132,4.321185634202409
1033,0.959545824196318,0.9514795869404773,5.997477791777759,-1.9974962162002736,1.3209153399997853,-4.4661855252292355
1034,,,,,2.616140222714458,
1035,-0.18267326694703634,1.3365793451158583,5.18278395717987,-7.9383458913096145,0.28072663125430974,-3.885115716733559
1036,-1.2883152230043207,0.9619060254662706,3.8162576977229383,-3.2302431401513614,1.6810168556223923,-3.801556017672506
1037,-1.6946473987332662,-1.4285939043839795,4.167644821685751,-8.159272571887321,-0.24838330159374677,4.69666507941178
1038,-1.5414176937931061,1.0137131119382856,5.994434879662448,-4.001730781464348,1.4991826774854535,-2.9405971480070177
1039,-1.262122463442995,1.0756924619237218,4.930405035952155,-6.128964605885736,0.3458033218676997,-2.364971596016717
1040,3.5542326256124044,0.6341640331638974,,-2.6813136081825943,4.246172221158545,3.8459538024955977
1041,-1.5179510367077382,1.064465080873181,3.864125902950724,4.69359659829863,5.079894613247184,-3.512017457181544
1042,-1.440294233712589,1.3836866478626495,6.869084767383402,-7.10370394258657,-0.15516468967860197,-2.13862701730841
1043,-1.1447103683680906,0.4544186867510869,5.860500130641014,-3.8737802015580742,0.25273018455025764,-3.6944023946472715
1044,-1.4798744438460174,-1.645575884669965,6.828539337889355,-7.087836853848357,-0.28463335660733546,-3.880628973593609
1045,0.6902968696221234,-0.049485804549797896,4.708420284755455,-3.2807139180354197,2.6076647143615377,-2.8622468407215
1046,-1.7592934552568333,-1.689397338641302,4.900401457425643,-2.0061624278399863,0.5887492846177553,-4.962584555344696
1047,3.7947746893318417,-0.3698244569381903,-1.773272827657696,4.025467165188309,3.0492738250337834,3.349999696092574
1048,2.950176798495101,-0.37157062204622093,-1.8613036124152662,-7.955078783971576,-0.018880602441100347,6.492861348280516
1049,3.4930073925689653,-1.7359552335979491,-0.4323542390809214,-2.0625737604725582,0.7936329556206847,1.753676851858763
1050,2.9090787877561404,-0.604714106316053,0.7886565161501846,-4.237198751070846,0.2821466277422269,3.5106811577992296
1051,2.292784029347644,-1.5560024746104644,-1.2262539736760554,-7.952620034776547,1.9776777527027163,3.067371920725776
1052,4.413794516551181,1.2329419466671212,0.5660199938196973,-5.559665254140144,3.852438912252582,3.9889046835145336
1053,4.672851313886987,1.7907524057381814,-0.9606831768782458,-7.683800726723176,7.073684305350079,3.745791638506855
1054,-0.426463087354483,-1.71072874552127,6.591820883142514,-3.386747978445457,2.884879730583675,4.113337536954245
1055,-0.7688061165675255,1.8204610881865586,5.100197446632653,-2.9206305289818886,0.752136248281079,-4.73499386662901
1056,0.9471359524147436,0.09030915244696058,5.829115700411073,-8.12238715584235,2.4441340008614096,-3.362371757091662
1057,-1.6638781692778022,-0.8017332461400972,4.008691644842921,-4.933627244464723,7.540061308557023,-1.231708490184661
1058,-0.8064297280267603,-1.6925463716799762,4.786905974586178,-2.4765231291414755,4.886108677803148,-2.130340687040019
1059,0.908411476005172,6.589463481672446,3.493799621315727,,1.263453546891607,-4.701153461158125
1060,0.5965221538091983,5.49052220244826,3.823920286698921,,-0.37105490792164453,-1.6237714576267348
1061,0.4512172684825926,6.893530481459379,3.0037738412372605,,1.762491860998545,-2.0865498393458233
1062,4.477961521278289,0.0024999540634753625,1.5443450926247742,-1.508465403270331,1.0537393924331526,1.8395144837791229
1063,-1.2262872363941004,4.860038166584219,3.157060379850573,,1.602427101143878,-2.579107982324417
1064,-1.487332453213908,6.389551749807078,6.909135296804282,,,4.078849360273746
1065,3.8539763687058857,1.1780633637662425,1.5827603790156626,4.252901202100097,3.5484010181818726,2.454513429802439
1066,3.5191433444118863,0.8283475994029585,-0.8108471276817424,2.7527271515257192,3.1973141153299447,2.1059886823095595
1067,0.005931571956601767,-1.799090473218174,3.9694149171786113,-4.874860896898166,2.5587499685811874,-1.7294031261241245
1068,0.7881283749375829,2.605638031559459,5.653242898733501,4.1294413833241395,5.85419140540674,1.3890059872964964
1069,-0.32970876313942177,-1.7083873084593881,6.356398824214702,-1.396029122182191,0.7617398971871097,-3.418626122583956
1070,5.453334647579261,-0.3885034235893279,-1.0800205406191548,-0.6444683433019205,3.317255339573756,5.575915523746791
1071,4.076327313999432,-0.8188339570927226,-0.35478071450650916,-4.698266656431257,3.2819296812461367,3.5646519381526076
1072,3.916727698364331,-1.0704582780433465,-1.0378692765629076,-5.825310947643777,2.6047107780102428,4.759862369190136
1073,2.102568614651039,-0.8759778552084687,0.6895372637638515,-2.209071662102839,3.5308591188918887,5.365560256328277
1074,3.364991548099219,1.213932107243157,1.3042597419336024,-5.038424712823737,2.002676776543053,5.075900223205392
1075,-0.285159459466251,1.7169126229359428,5.202641917978743,1.5175205505707148,5.881296239508878,3.823004696490992
1076,-1.1600585639450942,2.1172042240815805,3.612578153055094,1.9923946783573447,7.494301234438454,3.327391615248147
1077,,,,,0.9544211790847381,
1078,3.520782698690577,-0.3795857888750307,0.6923704101545411,-5.206329835503788,7.051196232891261,3.2557599079936415
1079,0.30848012977875894,1.6244445503416707,5.912465798375296,-5.059693192010593,1.4128896874896244,-4.1598070343623075
1080,-1.4388640629450031,2.337206814617919,5.401005712487741,1.5845660545784361,6.052308917377266,4.840293041230181
1081,-1.0289583878966282,-0.7140132795171552,5.9250024058549275,-2.220367130642625,0.302326476035611,3.968766494079989
1082,3.595291340416423,-0.09424903326382283,1.297402802630325,-2.338596227870699,2.9343892462832377,6.094793596759115
1083,-0.7236873684773786,3.2495764434780265,6.078986532951522,,1.6694056120222787,-2.9806217200287555
1084,4.32068962833012,-1.0958795423284275,-0.4120278713513945,-5.7510009084919425,-0.8246098311414307,6.248211996343663
1085,-0.4771660224800587,4.341116320186877,6.901641475173397,,0.30648956594856647,-2.831181655222335
1086,-1.272766430876615,3.268066319256156,5.294253197009103,,1.4932588219199399,-2.873861973613001
1087,-1.6554844177105124,0.5619062434329505,4.366564569488787,-6.310308696522982,-0.7746641659591628,-2.7652983277845085
1088,-0.16813762565346124,6.901372538362825,5.593858290995749,,-0.9044604182513722,-1.208198816907585
1089,-1.1341042351307509,1.9159245819943564,3.27376300496499,-5.046825356719836,6.6829888315753045,2.0233628663531764
1090,-0.2562829191548315,0.4139746723231139,6.589589291789391,-4.402893925440195,0.800098545004228,1.8174025323499121
1091,-1.536906974200285,-0.5687399576394718,3.477524204160858,2.336937445636893,7.389420229401224,4.782405822825306
1092,-0.5565767002151283,0.591271816326145,4.31137147275799,1.427899111883411,4.0381559054105045,2.8073549924326247
1093,4.134410355124816,-1.5083122247166223,-1.3747272484650044,4.808057266655188,3.0516858509271665,1.1114250205419949
1094,4.431620512592105,1.5546369635842805,0.9518053018148185,1.5642241313834924,3.1585363102468778,6.331856096505045
1095,5.059533130968941,0.012338670706889987,-0.558098288880126,0.49022399180072035,0.3307626442178915,2.361405161135925
1096,5.251943022315502,-0.20259785416620169,0.6850851979365367,-7.066692191536986,0.7531960528586681,6.575683961128068
1097,-0.4022290050270063,0.34346154369256054,6.2629815557323845,-2.6411607552634546,0.050775366935304156,5.304606909097429
1098,-1.8445239178257375,6.267895662093699,5.389249585942272,,-0.34112660211535795,-1.3967699225785926
1099,-0.990183337115023,6.410189711575018,4.57454219045964,,1.7565743248631283,-1.504445359320239
1100,4.872492406571575,0.4991376164431205,-0.9174200231278837,-5.090197182823399,1.0582858657214878,5.57592111067818
1101,5.822094799861173,-1.7128914185268964,-1.6750761587621152,-6.304369240160799,-0.19938084713773463,2.2087695507825886
1102,-1.5967509740904555,,,,,2.4051671061126916
1103,-1.809869683535366,6.751860936922733,4.8937427324590494,2.6340865129102538,5.611560178040667,4.127606868276628
1104,2.0729306848031483,0.7304707164361905,1.9703272247597952,-8.114227166194937,0.278359668287951,2.0325997131027425
1105,2.783112232795926,-1.0322689041010094,-1.3751890989117417,-7.062646339513774,1.3672328084455405,2.8325906571231947
1106,0.9698807551070112,,,,-0.7110799299325288,-1.8060185032815284
1107,-1.032934554536663,3.3404141094687136,6.418189599039189,0.2854967525436851,7.628972677472053,2.928775357148064
1108,0.4296244347344864,0.8558121807395318,4.360017663261111,0.552717114757224,6.961252146791374,1.957780205715297
1109,-1.236073734412387,1.290140201647427,6.478598762755652,-1.4039786682050943,-0.4101855030071103,-1.22961657791112
1110,0.04451000464588417,1.2158351615201741,3.3525378883497474,1.0969480721637253,-0.7070149095251713,2.2310975737102137
1111,0.28068496333860193,0.21000645204493185,6.1071937890859935,-6.534924854796307,2.249269872393641,5.731311204577105
1112,2.0302518578585538,0.08068233823153403,1.9536840426736888,-7.620088219647574,2.009637647243265,2.0031757280246656
1113,4.589898983765017,-1.4284912083778458,1.9091198613780411,-5.29577525540906,2.013252439304736,1.1707450518832112
1114,-0.21308144470119972,1.1013858980379283,6.390190559711728,-6.519089858968458,6.171365538557577,-4.659071057014325
1115,-0.585268384937975,-0.9143582736852571,3.7272707588977974,-8.68501746984726,6.118578150551752,-3.9827512168382664
1116,5.5921222325776485,4.54239048085274,1.175273605460175,-6.391191065695981,1.865302192415334,4.776129923137457
1117,2.9739294591612477,3.2841397237026677,0.637693813719274,-4.631203585008875,1.6775426486305423,6.855898733679213
1118,5.708138205501948,-0.013215404273952736,0.3112306373821656,-4.570639251618757,0.9079691705935309,2.9872833701658643
1119,-0.7644738634281971,3.8431725485232153,4.721386232218324,2.32175202218956,5.391080449228302,1.7119348549328781
1120,-0.953391442840438,3.917463247124452,3.66199924914578,,1.5691136861944666,4.422324262105145
1121,0.7885878394144805,-0.8628994980013269,5.826416568886964,2.1662554791908,6.082082177799972,6.438125334125018
1122,0.49185920081939405,-1.4646815495251235,5.141391156040555,-6.125048805165891,-0.8465510061488439,-3.0494899532363253
1123,0.8950809338211443,0.5182329253037652,5.54129345259793,-5.402268431271237,1.4858587828488463,-1.6228927973409597
1124,-1.627103276065261,4.876428939929858,3.785948012727869,,2.111511463056333,5.704370834737333
1125,2.2410699000950953,-1.7826664034773645,1.464406954208339,-1.274651957680069,1.0014348831971505,4.73509548277347
1126,5.73774413086926,4.074248801719778,3.846983590360961,3.9984595989973686,6.621532828927371,2.890339473727771
1127,3.4064909828111922,0.9945823870149957,-0.8422378130419357,-5.959458679017269,0.43005516753176365,4.2512813701208385
1128,0.19260397871246204,3.4039125893978373,3.165989474892996,,0.10970902410756445,-3.0084559745251584
1129,2.4056836378907542,-0.7296488809068244,-0.1292720781719361,-6.908270251192846,1.5712092313027208,1.547469703353649
1130,3.943487222177845,-1.999455457990719,0.47756207387842964,-7.025832744415394,3.8126930771541323,5.073672777275884
1131,3.0271065389431886,0.04451937810954232,-0.35523469863850954,-5.318939084309401,1.771205680907123,5.350576311687161
1132,3.1394918657752386,-1.8125868654924893,-0.29005087979572197,-2.9154371939369383,2.483870771758605,6.790189762683859
1133,3.2291601095474483,-0.8953175916583989,-0.6788574652194361,-7.32435422891483,0.36933822746478095,2.5623846859808284
1134,0.8150217262860704,0.8279076407937562,4.288270263039137,-3.3154746958017656,2.079089893838378,-2.0226880895813735
1135,-1.4562960765884894,-1.7492361045112161,5.238978724728969,-8.796603439518082,1.2454245624156404,-4.494828800021543
1136,5.2121036623740356,1.3573548965643962,0.2569297814555027,-5.628235505808236,2.5313463007744064,1.1107392222919874
1137,-1.800505810865619,-1.9847145606409355,6.431739681608888,-2.7852489024782674,1.1112497956273801,-4.0343369058360805
1138,0.22336344180301082,3.6699645065084807,5.667709849899984,,1.070520705416586,-2.0886794164766203
1139,-0.2765782048430583,3.5891024079860183,4.741585395417864,,1.3115095437517008,-4.390215692872699
1140,0.525487243044348,-1.0127001767872086,6.812480466030722,-6.26703374472538,1.9972621438920022,4.27365111433703
1141,4.156645272913432,,1.4022989743602887,-4.474861522775308,2.8587620171954837,
1142,-1.580677905946555,0.9636177197910285,5.876980852933769,-7.3323905902000455,-0.7057439100085012,-3.632746110605164
1143,0.38580311704464276,-0.7349154554360071,6.720660824043989,-3.0550229942648937,-0.7862588592282524,-3.983794354899881
1144,,,,,2.750201529820811,
1145,-1.3951134326327566,6.892307196504439,5.110351978281969,,1.1195038585636754,-3.638811001809779
1146,-1.5090273450548446,2.142842273968705,4.03561723281944,-8.548656760160727,5.673452206160468,5.240743237886776
1147,,,,,,
1148,-1.5071977833783117,2.6920737580853107,3.2113069162691574,-2.1745071406942245,6.85661261134306,5.742445006486938
1149,0.4437252307405324,6.03717007108233,5.904339455332402,,1.4596131694216552,-2.1838676500316323
1150,-0.00440640584202634,-1.59242526496472,3.4852121504836022,-7.386416389925593,0.9296958997872284,2.1624341797431397
1151,-0.4308009734135607,-0.559060632856262,4.211100638823218,-2.000427605115134,-0.6253675744209202,-3.5658106873590043
1152,-0.9235048475885692,-0.9184226440703687,5.129883715848322,-6.1571454597241795,2.072358182826604,-2.8051175062004323
1153,0.6316023310865904,1.3708485163154391,5.257666429670739,-3.2088428328075826,1.9888993097091199,-4.653237540536286
1154,3.2452310450172255,-0.7466043671491362,,-6.422413471874747,7.444928921554016,2.5705177467547466
1155,-0.8226611716733838,1.1557311051258978,5.40233285997812,3.697373645279004,4.618739468960191,4.075545903195017
1156,0.4497993767769308,2.206252400120152,3.6650214717537053,-0.1911409094493105,5.8061881407228455,2.9836053426893363
1157,4.441335273786036,6.871045866892045,-1.193881880179767,2.1315922976008452,5.632080418518227,6.163069020144338
1158,4.864602799269765,4.75896204706708,1.7377325333855282,1.668521999139304,6.7498592443797225,3.842561302034035
1159,3.090496265279539,4.113474056787394,0.7563524091961302,-1.7494194772284484,0.24681527197367137,5.79747200918543
1160,-0.6825920376666741,1.5674892032237728,4.5189497311428095,-7.956390419656141,0.22495898268200087,4.483718865412943
1161,-0.8691631162157409,-0.2647270543852127,5.468776977501861,-7.543141728153946,2.351365991512477,5.638541013383494
1162,3.6541966176188305,1.6397730951148473,1.2930938705695196,-5.038047051739863,-0.7105682924262021,2.9960384005565093
1163,2.4875446900603952,-0.49072419079379315,0.22476533164087154,-8.312418278736857,2.5244209364839456,5.9884998531890385
1164,2.724597693476628,1.8563138732555793,1.1180680780543548,-7.404068576505577,0.02664890440250023,2.6474344165914605
1165,4.724471530872339,-1.6428366463982729,-1.9351927333622538,-1.4479043150020896,1.3719401654185732,4.276593175440163
1166,2.72575368601618,0.748078872152367,1.2735227472026864,-1.1872613328689736,2.743976900688687,2.2840432460171236
1167,4.100653705929327,-0.024740917090233294,-1.8394390245219805,-5.968133810784094,1.7124909348877984,3.853159508084709
1168,4.836185151829096,-0.4494012444403528,1.5596541407358833,-1.611031684612314,0.657720939464868,2.909051748884718
1169,2.4275080145049936,0.5308496345291689,1.967851035335699,-4.625500187752522,1.758137731435679,2.6002211127848156
1170,,,,,0.3759204381382386,
1171,-0.6119575422405481,6.19317282521192,6.87927546397791,,,6.801910131983495
1172,-1.0958623459209316,4.305015793665846,5.9105245999169025,-6.816547351285791,0.10903575078605621,-1.7914030778964496
1173,0.24282959701662254,4.197533621168402,6.690415042333227,-3.3704129704174797,2.9867331213087462,-3.557524779310885
1174,-0.4918359600369935,0.8154300755095278,6.04884827613864,-3.7168686398686637,2.003161643785827,-2.4265455821649704
1175,-1.303357483836661,-1.9825411758095615,5.366867949198085,-1.0866175196807228,1.5788809346476989,-2.1146012070147067
1176,4.269249034574724,-1.3321828376902292,-0.8237260775195503,-6.8539447441029475,0.4211604331162839,1.9604452387986937
1177,0.6987242993556066,0.8521858584821216,3.7680936222533536,-3.6120667600568694,-0.8033539398406379,-4.2078642888110664
1178,-0.8483227804591584,0.6655435795254128,5.666742667678918,-8.550690625003774,-0.8757697000832936,5.723955178156313
1179,3.0262514029437177,,,,,
1180,5.851707514321621,1.8641902164467006,-1.158721217787929,-8.059865246154486,1.2167263081548925,6.904989768321854
1181,3.9341827731512096,1.0441525399987535,1.0614548094659002,-8.933853013615265,2.0481315707839443,1.119409609431925
1182,-0.36933878260720765,3.9300241072387907,5.493518331758178,,1.1495180966155807,-1.4680864298943765
1183,5.22397026907402,1.8030911150046653,-0.9878903257068341,1.582344906434095,2.3631407471531727,5.1941647013583445
1184,4.200906330846511,0.8101637227091676,1.4622503084971943,3.8699757625260487,-0.8662910786884076,2.5174713722478046
1185,2.1736504764352325,-0.8077871146639388,-1.5886244540822752,0.2603633986761034,0.4670101328692111,1.2429276381113825
1186,0.719416872621448,-1.5785351482645393,5.409876753518531,-1.0042957094001226,-0.0517162339559627,-2.5576865077596365
1187,4.532605634688746,1.1272967124237454,-1.4961741705722402,-2.5749024821941324,0.7890934674599888,3.417337904463799
1188,-0.1272838438224413,3.518716069847909,4.959143563963382,,-0.7104917506702318,6.6113069077557105
1189,-1.6493007816978311,4.0258523781541875,5.114626500957694,,2.8165266986322646,1.0705912790626069
1190,5.805613386354166,0.5765989394361701,4.337770228496967,-2.6987646491400685,4.9994699286699955,4.5273144488562505
1191,4.40644742427347,-1.8072504577285216,5.077250857254857,-4.905062755154101,6.561003692247118,4.00837923123827
1192,0.8194967180553181,-0.5597944433953959,3.790223767424168,0.06410967174962764,7.509956977972555,-3.3187164448042497
1193,-0.11687369237506107,1.8271995112354136,6.220697624575746,-6.575009862616975,5.672526451640655,-4.318775242424992
1194,5.276755502920986,0.0016074659101967814,1.916606340714014,-7.760233544262083,-0.10697615451363562,6.240305077560281
1195,5.536825895157316,-0.2690801823322795,0.69535747528027,-6.6976108545717405,2.689231326106489,1.5040109478766808
1196,2.9123193662070666,-0.16919844987272192,1.3875497812942121,-5.970428604419906,0.703574276667267,5.089156409050253
1197,2.8481796438276215,-1.1644645386245926,-0.7026785914551001,-2.941005458629535,2.9420965747893524,5.080658421351682
1198,-0.9952793179229322,-0.5251676734959696,3.7431079656292656,-4.666622906745881,1.2162348205550735,-1.234191584324988
1199,4.443924095712899,-0.5207433393894054,0.7059368650198443,-8.347901141337534,2.723331656277198,5.014480339881949
1200,3.644114091653369,-1.7905744506101962,0.37696965077091993,-8.821460923116195,-0.9786011752698156,6.654007011207081
1201,5.3594452692247,1.0702718553851092,0.41260277062062234,-8.149980848486624,3.1326041471702912,5.938525301656623
1202,5.600092529651076,-0.3339789051665689,0.730131670182607,-5.6954149531997285,1.9929559511521255,1.251837048531462
1203,3.4136857504147855,1.2887205734244225,,-1.5321226323951782,7.644062807940456,3.8264974857600578
1204,-1.5821788149481233,1.4013928680866405,3.3398653245721794,-3.8881121233878666,2.612202892146466,-1.9941403419654362
1205,2.947482511138659,-1.152019233805385,0.30143914302035335,-2.5784692157291227,-0.44111524984492223,3.3877187714929624
1206,5.122102140134125,0.6294159060142877,-0.2837472280403721,-5.250360035829276,-0.6154939850444994,2.8608838241682797
1207,3.099224403750946,-0.11086973800846756,-0.8963050439952176,-6.084369937340411,0.698292089074654,3.7080207467013775
1208,0.3820767564438625,4.421279110155169,4.744984207094255,,2.734715815893775,-4.214506018874347
1209,-0.139779539742241,1.5206276432736765,5.633229819644013,3.9777222546001845,7.972654956350329,3.305165553765752
1210,-0.3996140317829442,-1.1370327575151036,4.750867401134553,-8.10164730677885,1.169547561153715,-3.688129707951469
1211,0.6816783614742252,5.695976891373785,4.107016658233129,,,-0.8569912722634437
1212,0.365792853630172,0.7112546605056507,5.232684815239788,2.3857326342631997,4.424368280394091,3.5940038087564234
1213,5.290457338033066,0.4310107525826352,1.0743266591164018,-1.9882013090742303,1.1098272183579978,6.875571208611253
1214,3.6949532224375163,-0.8187900230605478,-1.0949058149844726,-2.7271440551719346,-0.43549304861901084,1.5317985059096642
1215,4.670199717071895,-1.4535914029188963,0.7694189999697734,-7.62599185887224,-0.9968390725179735,6.533385275130934
1216,-1.5449704653137613,2.391859592528365,4.388009459408353,-4.884875393579661,4.93221282109383,-1.7725028001298329
1217,-1.0648298247206611,0.6065610522154457,6.731470772612963,-5.083092010486032,7.8015190104025525,3.881420655756025
1218,-1.254528243761312,3.2502595379319272,6.6905805723642215,,2.2405609108011957,-2.2351973776463328
1219,2.3821415815553113,0.954391341022909,-1.066664285143803,-3.9861694461051425,-0.6496991153543734,4.742453744409778
1220,4.495437434370347,-0.7374866755903497,0.5013228419507143,-1.4286247859039332,1.535400331426341,5.981097922203229
1221,0.23184035534473124,0.5793324656781194,5.00948736962909,-4.347146990103598,2.6584660644253546,-1.950645392966437
1222,-1.8993971185319622,-0.41947287899440844,4.31153609728033,-4.662198490407464,-0.16539006402063827,-3.2680784475792617
1223,-0.29032846331894,0.8528291881471894,5.948529703231274,-8.56423778034022,1.6610923107651157,-2.1507790738761665
1224,0.28737742801803434,3.842027901036078,3.146851947648438,,-0.6852030348586313,-3.4901272535386703
1225,0.6302976214422447,6.236094595606785,4.899076118893118,,1.4150217186702865,-4.201362039158288
1226,-0.9737509571582774,-1.2031342792804232,4.345293696766695,-8.464001100377386,-0.3442707038064813,-2.490907200920575
1227,0.463772945498776,1.560860644088515,6.682143554740529,-7.472834099654739,1.9438150039369277,-1.0973557725450949
1228,-1.6680996567959128,3.587687848176512,3.04801228726301,,0.20492719539390802,-3.798164213910371
1229,0.5393577612918514,-0.8503575019433403,5.211259583517361,-8.706431371422374,0.8535655835432976,-3.1878411989253093
1230,-1.617528977943003,-0.5288524006146043,5.9626543710344215,-3.0442103856875313,1.3977233239084719,-2.323178100645792
1231,-0.8081346502033067,-1.7676267561451933,4.940072042966408,-3.203691591365054,-0.31490396613795146,3.162778636223826
1232,0.39188726710020316,-1.5539460234574485,3.3416122855864403,-7.881366622652118,1.9665520199454136,3.582531859391443
1233,3.8070709126819047,0.06345040469825292,0.9883145280689154,-2.305641901442196,0.21056337469989073,3.457111307614557
1234,4.346434001801358,-0.9296250665349146,-1.1251399357524687,-7.732182580174222,1.6494884138389263,3.248386586250673
1235,-1.5502428123238425,1.3419218523743284,6.889845565077835,-6.566180557558924,-0.36686536852319684,-2.8609552094441124
1236,-1.3122413664902117,-1.941220759403709,5.072041812424882,-6.981946400819036,1.7524715367267139,-1.635502402471813
1237,2.6720571310548604,-0.4836202222076742,-1.7602213717050648,-5.999613578221181,-0.4872451932431806,6.553175983600595
1238,0.16675930799536176,4.370580704635402,5.45674504685249,-6.936650148385415,,5.973579470559041
1239,0.16011122524259291,6.4586357118395465,3.9464392684974303,-5.070538127015945,,-1.9670495675189628
1240,-0.07655503049012813,-0.6506139888981035,4.933992433571554,-5.720033627894644,0.7014276431489426,-4.822226250630134
1241,0.08184709955401304,-1.9226838170962601,4.71659807077868,-1.1069748536417343,7.833310749683074,1.654000581898344
1242,-0.37182403112577767,-1.502521350930592,3.299583534838322,0.6544069466407242,4.3908291829053585,1.6487407582154239
1243,4.947495074679452,-0.34542591659300625,-1.4761000130738482,-8.519606208720273,-0.011173532942536313,3.5672175018227508
1244,5.451188359658402,-0.0285387356490705,0.4239901427844399,-7.83257948037175,1.9935017237475636,1.5919449105779584
1245,-1.2445985055846283,-0.38283757327448953,3.4246415753821116,1.17783077581719,4.059994090324593,4.714558846392901
1246,2.866959482864469,0.12375342049850224,1.397786493712897,-8.544301538202363,0.04814214734224764,1.862150261266185
1247,2.3828585482326377,0.38052903602415244,-1.8200072039559247,-3.980198497903234,2.5268695668729544,4.134239928335582
1248,-0.962908243651212,-1.9602990019881112,6.349890107784795,-8.530893282333286,2.5672811577670283,-1.0064079677419508
1249,-1.455202126785507,-0.14361626960314644,3.9592799459148504,-2.3027678153007125,-0.21423242053091596,-2.004960211296576
1250,0.725352212311513,1.8539971741877885,3.7798332311732263,-4.8874396117921135,1.4553848942348633,-1.552395425837
1251,2.0945546963332444,0.07613189607162085,0.9366065703181572,-4.767414124265759,-0.6491268008323066,1.0433203981615573
1252,-0.2498222115520803,,,,0.5661501540575791,-2.415734631538835
1253,-0.7974422921612365,0.7101709306647772,5.019645894283276,-4.491927417095273,1.8532877451829,-1.583316475684887
1254,-0.613979484427575,-0.752540597258011,6.07498856715347,-7.60452116536929,1.6376939700954678,2.899578583447287
1255,0.8418503230510954,3.6197013969718936,3.247786243481579,,,5.0631445748935455
1256,-1.5399409048386028,3.3309475078891264,5.307231754870157,-7.390447375409958,1.498803760510315,-4.6027004567137615
1257,-0.24130811617770642,1.0959668168545134,3.476841930201124,-6.42566301780858,0.13016552479718024,-3.647431416199823
1258,-0.48233111194449463,1.0916872379220475,3.1458443770640705,4.662519862863076,4.644400168667989,3.9042340135542286
1259,-0.16563505148835045,0.0851869531063032,3.210975979474059,-4.23782670543577,7.9840511338885145,-1.5015883093055713
1260,-1.9456637822785372,4.938152073276847,6.336656462740091,,0.5121015923764554,-4.240358233048552
1261,0.616372464775788,4.209678170913627,3.4718900935743267,-7.29146176996304,4.7199985403809,6.869616931669177
1262,4.567886130904533,1.9040554315355303,,-8.03847356824371,6.010190471742598,6.244622867212157
1263,0.7963552391805224,5.2536335366689855,3.1806056298435808,,-0.5882128328511467,-4.741273002462467
1264,-0.30459793971659455,6.215219597315112,4.751599649939023,,1.87609209246236,-1.8599925083309956
1265,,-1.4977940947020045,6.375973915901827,-1.2380208858221717,1.0155566186380078,-1.6677362933096402
1266,,-1.932203667474107,4.049633638972171,-8.789976575024383,1.835063369706534,-4.398665359886723
1267,0.08995422218858384,1.0806341733921634,4.686850574390201,4.297515080818749,7.393670919389981,3.154425136591496
1268,0.7674985907700262,1.2286232623203037,3.159690303392369,3.548925669811322,4.081606531081682,1.2729199373693922
1269,4.428376286065976,-1.519166006437179,-0.6347216151021018,-2.5715276197290127,-0.0042237337237716055,6.073757912047171
1270,4.186789814350608,-0.9376644300140329,-0.08588351102978997,-2.688313412309107,0.29775486379755045,6.467405925918922
1271,2.9277886614803963,-1.9297848770554902,1.7154386099173398,-6.597733941254656,0.336863270087,5.9237644899041735
1272,0.12171759239829849,3.548594108214912,4.796314155890959,,,1.76770027456958
1273,-1.5423779807561167,5.322796413832554,5.31045239872047,,,6.987490807977639
1274,3.563624203306256,-0.8267614787252471,-0.6721101260187392,2.411126898677352,-0.8970275499007582,2.551505864134943
1275,4.377905487006419,1.0925688048204416,-0.1386491788252111,2.6016188229833084,0.3641933926545249,5.345229675794273
1276,,0.07184489258857663,5.283628292389857,-7.884788560518309,2.2132188616145987,6.448209324353127
1277,-0.2711324743577248,-0.6076138653373524,4.329706889085541,4.8762227121343615,2.5891942793325597,2.414123237319324
1278,-0.17985259129496267,-0.5130391948275157,4.262132846087145,-7.805121754705506,1.0728746526704132,-1.5911871669076638
1279,-0.7276046628841897,-1.9945797341809663,3.4264946368550904,-3.4099762660409816,0.8220083519653181,-2.2713611546251036
1280,0.20933422779350352,5.022035130734457,4.4671933967746815,4.828852268804222,6.417955964696448,6.449551394239844
1281,0.8031014230598161,3.57631529840695,3.3979788378861704,,-0.8766987287562826,-2.9479102895999416
1282,0.7767059682472188,5.495994009922866,6.0663838209395635,,2.516817698883788,-1.6889882581335782
1283,3.987067616939644,-0.800793849049912,-1.9452646491467036,1.0763463610560613,-0.9479562984488159,2.8568899732728283
1284,,0.585837006756522,6.86509719707473,-3.845068047124479,2.779000480258258,-3.3571776291102315
1285,5.9511420852649906,1.8967779241833223,-1.6735998200993576,4.05552310404496,0.9568664685612587,6.858479351318596
1286,,1.3882441905121785,6.880297832063507,0.9862144889685294,0.36773987307269307,-4.271454084372475
1287,-0.64747871670868,,,1.06768852404477,,-3.902672566905342
1288,2.5457593216904155,-1.9056145068103432,-0.965629356964482,-2.730444417119889,2.696873958029798,2.68756064074402
1289,4.780578326143722,1.5942430040826367,-1.8885854266759179,-1.497966407868133,-0.9024332125498757,6.720614982135955
1290,3.6172752872637313,1.1327949043062973,0.5255034314407052,-3.4538179963311153,1.3257007872275974,1.3212685880790982
1291,3.7127986659358285,1.121505761682496,-0.2944032626711459,-7.72369579183954,1.1957313995016687,5.255632279734739
1292,4.870391164487768,-0.16801383620464727,0.19258341846157356,-7.02602730941243,-0.12271614259155283,4.192667140532412
1293,4.769744716227675,-0.4079753542098228,-1.3014064934945604,-2.2569368939199626,0.7155513732817356,3.867262839368366
1294,5.9650239779624865,-0.7883330619551907,-0.8162678192401833,-7.297927012539793,1.6090570271280658,2.340966445665351
1295,-1.6602807451796742,-1.7372151725237457,6.460284421834231,-8.387418285454563,1.9085255748598609,-3.00846284708193
1296,,-1.0870540923500558,5.40316866935037,-3.3633930977504614,-0.9971296818548993,-2.9022559500235063
1297,2.5135774721817707,-1.0135811124117984,0.6552998394020724,-5.758915289515041,3.233396407705043,5.233574951026646
1298,,-0.06368874388733636,5.803462842920464,-1.6368860283373392,2.7474139025663655,-1.7891174071585918
1299,,0.9897790838266693,4.1408233396254035,-3.7857404337360085,-0.3418960997609569,-1.8468670795599529
1300,0.954523684364937,-0.10475764988648217,5.523081747276189,-8.2448702522954,-0.06567605169336099,-2.6991685073115828
1301,0.5166951890196698,4.094561802432499,4.822598295925966,-1.4153257329834554,5.108101860667983,2.144857532385264
1302,-1.6260069050210666,4.9513373665384055,4.928069452519101,,0.053895907939682575,-1.8897578763026242
1303,0.7625261046552969,-1.7686167652496696,6.031106285182448,-6.905638193056877,-0.8487166775304,-4.280466742624399
1304,2.4164389206607666,1.8311594475381072,4.127673551885602,-6.27914434735051,7.449339678171972,4.317051098464991
1305,4.897355367938708,1.770897606901151,4.2721585697606805,-5.7610335327901705,5.133844661665505,2.5194727169109763
1306,,3.329089462608383,6.69856717810441,-8.557058363412727,6.747022909372383,6.733728310700537
1307,0.6096898369843762,4.838336326311411,3.224897349601444,3.3804656381216236,6.696878559164695,1.1717878637082217
1308,4.313547820090394,1.1407594122150775,1.861211094751553,-5.010286440580002,-0.5077889753045257,2.198370257941296
1309,3.0966429280303926,1.9653116563015558,-1.7983274257660764,-7.982823552458928,2.9453997311624054,2.4538641848819154
1310,-0.4434830519475419,0.17793195988811195,4.9425372864124615,-5.771309157133823,4.88597426563527,3.484407377267514
1311,,,,,0.2608689253740024,
1312,-0.22617133411032198,1.8510736158680603,6.651203217356677,2.025006351339277,-0.5387930859448959,-4.855641414510634
1313,-0.8029884201732709,-1.6975745030635712,5.441452101538543,4.657722134293096,-0.5720323786255254,-1.5129008029905386
1314,-1.8357096287820311,-0.5372733464448807,5.185628378648056,-6.171637520165044,4.139196886504048,2.396382004688321
1315,2.317677807985183,-1.0984704578274642,1.5615379159877858,-2.8093430732554063,3.4533707041815904,3.9480949085266923
1316,-0.9944044386393998,-1.2166630228017152,3.998976852216206,-2.567759298214474,1.8778406801465046,-4.752181575449569
1317,0.40856148348116705,4.2258539972414875,4.3731020746894345,,2.418275075756278,-4.057575352377999
1318,2.342633328164758,-1.4367832462019132,0.3075272469655206,-7.743119826164256,0.02781134201420077,6.234793231547889
1319,5.576763536819044,0.4896567452274956,0.2556807835417756,-6.045459774178225,-0.9163591256039028,5.272380736157309
1320,-1.9860981869479026,1.125288684930193,6.408193689899897,-5.991281624712205,5.636998348408632,4.4797721862039745
1321,2.767469590347186,0.3131960312238069,,-7.759069374831171,5.156772671955821,1.5340197250412126
1322,3.293486492504176,-1.4121442389663326,,-2.605330553361723,7.235911015679012,5.163952871073632
1323,-0.9994986387045011,6.289524876772633,5.236872606563054,0.44504998876052465,7.20145677182223,1.9984863071704781
1324,,1.2444961696949053,5.058968862536993,-3.3319448438004597,-0.10763768453246325,-2.2366533407266456
1325,,0.5438209294760668,3.3983190165390904,-7.448660173155684,5.828095857729804,-3.3969596399443405
1326,,3.2279150780509767,3.0641128032668936,,-0.7739345144954248,-1.5020224989924218
1327,,4.674429204519863,6.854740761297096,2.5576289087666484,6.4260489367730536,5.7182044698735055
1328,-0.8054904461979515,-0.44733364473787307,4.50794478149973,-6.04409996892867,-0.5864176664270638,-3.849391621560431
1329,2.9066258878326607,0.6965230626629169,0.0011170246079899027,4.592607769764132,0.7260341197097617,2.5003410920304816
1330,-0.38781052160329255,-0.9603758121115458,5.4128523199533305,4.520568440732203,6.417038099631002,3.502292790435755
1331,3.4199854559636282,-0.6192273872789016,-1.722418286071858,-8.122319416296271,-0.08032429456979673,3.1028216824441595
1332,2.2776957066187333,1.669943848698068,-1.6404873409452514,-3.961357920793687,1.0637849107852582,6.152883589893348
1333,0.7595673117329753,4.833725794190533,3.318860458710442,,7.308632609295373,1.7592673823452805
1334,,,,,,
1335,-0.9609582448160912,-0.8379778829799824,5.732457200038364,-7.998328077706129,0.01397716698832796,-5.010661636825106
1336,,-0.1200438687931824,6.730266846984552,-1.1120352347014943,2.7621493759847002,-3.838530776209075
1337,-0.9591366257293459,1.5605651835541356,5.3026610885128775,-2.746881117892438,2.623776143093129,-2.712528230154949
1338,4.076239337095574,5.900024354788018,3.5044614470952684,0.7826472839492186,5.700009708339424,4.39386960762964
1339,0.21250525914880547,5.297150377132489,5.326886185324937,1.8331894142304743,5.101786784493877,-3.532969779135895
1340,-0.6433430162070604,5.668849408790609,6.065388894554822,3.095607549724874,5.060139738832842,-2.8878796687381674
1341,-1.3261810565538967,6.108197182813258,4.625666253341057,0.7969756365932356,6.144769158949634,-1.5008691824007188
1342,2.2704505906565005,0.8308870877425705,0.40365032568081927,-5.85678843913209,1.2672256699739821,1.8523702755299496
1343,5.201426103295606,-1.751181683532993,-0.6361619110821704,-4.356764879351571,0.4176978306862924,5.228775229737859
1344,,,,,,
1345,-0.642678291757061,,,,5.796592860598296,
1346,-1.577423980945252,-1.4107829021672826,6.519351013435555,-1.7061680297119874,0.5245893137698052,-1.3552096525730883
1347,-1.4708342876011953,-1.9686279113957168,5.5947318767848735,-4.551627375749543,0.6474108296118797,-3.9792979379794797
1348,,6.448811919482639,6.596995691325945,,1.910318074578912,-3.1830887734974924
1349,,4.255502110623427,5.494021312885222,,0.8065575643091729,-2.8299548299800783
1350,2.9348486040216426,0.5236892907816053,1.669072743737568,-7.575171659364738,2.4269201994131677,6.430468835238527
1351,4.160047824323654,-0.2093031110094612,-0.37363442613340414,-5.948666987436343,2.7763793050296472,3.6076463310477855
1352,5.520316393498154,-1.4628956004913722,-1.4268692212649599,-2.2493610503292656,0.3437865295682021,3.928553930853142
1353,4.603509602108133,1.8317367269795357,0.8588769802997478,-3.833865783998636,1.2427791930692391,6.564537071249918
1354,4.131831314655192,0.11864161000738593,-0.8265822363420585,-3.782002324156463,-0.6197712415574601,4.125948677427731
1355,-0.5048937869780441,-1.032422448690053,3.5251520446801035,4.840110906362924,5.76048313442318,3.9255909979168697
1356,-0.7432202982395735,0.002417166520071623,4.2387669689087915,4.573746766628961,4.364549438309554,4.469974920397005
1357,,5.15209090476715,3.8071799369556274,,-0.19812150197819134,-1.2065446804549844
1358,,6.360432342591208,6.635306007309393,,0.6538647592190074,-1.0056120880258694
1359,0.744538194608902,0.7184831797773621,6.041600312358632,-2.0607752723751975,-0.1751868459803645,-4.103363923847025
1360,,6.957804525762576,5.7055935339973285,,2.50624231932565,-2.108146547905027
1361,-0.9128146231728207,-1.6950377972960071,4.203865404588032,-1.8445112894580475,-0.36685254709354786,-3.5244758864041277
1362,-0.25823252883828185,-0.9011805542919664,3.736179235347665,-1.638857228262598,0.8226448568416638,-5.025935680764646
1363,3.297335256156558,6.558077264098793,6.025804395876495,0.8347520970085904,6.874414988133843,5.135378642351014
1364,3.33200789280147,4.485869163845133,4.896631878345028,0.6057785742089508,4.854946822823777,1.6413008947694903
1365,4.677947940000129,1.2278630774934622,0.10188396782463305,0.4270437335173129,1.4227980995498657,5.926663295490541
1366,5.976557446998449,-0.16133740024034404,0.79133288575776,4.547218450828267,1.7674565217353118,3.613030571916503
1367,4.64735688136323,0.1863111847275809,,-8.209583306520827,,1.4340917285438484
1368,-0.10320501412370064,-0.2687327180745058,3.903158348221204,-4.631065167953788,0.5322792589897687,-5.0212910400423
1369,-1.9607109350314564,3.780666214015752,5.466487981798292,0.9681202123316529,4.787814593244321,5.717096169425841
1370,-0.009385942301892491,4.957570241707706,3.1613355816169957,2.0814254848441913,5.651033334060238,3.2617002795531134
1371,,5.966565853935741,4.304681138029361,,2.476396652598785,-3.18947928670735
1372,-1.4658873560264951,-1.8243947119957693,4.874228074203306,-3.0668580418652214,1.2732778498780963,-3.0767695870363867
1373,4.231133828975997,,,-2.9360930207133613,0.7580327390272812,-0.22068339434911
1374,0.8832111770625557,-1.336996066454383,3.5918334900921494,2.2442576233990192,4.911113436101226,1.6022056195178385
1375,-1.5540069038702438,4.970276374521696,6.938617913130722,,-0.7310347724199215,-4.9672386863894396
1376,-0.7561242507501902,-0.2178302453815233,3.8363896009873617,-4.132530274366962,0.8587594183588139,-2.2707132769126277
1377,,4.932723546456218,3.5214126770024556,,2.28294388050943,
1378,-1.743945717528633,-1.1632535747605868,3.8141396391796123,-7.636591465494444,1.4581651850836723,-3.8655312398306525
1379,0.9906227735758113,-1.8000784030100736,6.076244574285689,-2.6135580741463063,2.3286502991927804,-2.786325948369415
1380,-0.4934120962888582,6.352921713500221,4.702022740689881,2.9950557995723264,6.335433106754911,4.802674501432019
1381,,,,,0.9760481423694696,
1382,-0.21384261310042274,,,,-0.5261506360427632,
1383,,4.445615231431188,5.261663837381681,,-0.9454377706255157,
1384,,6.4391787245307714,3.0840368044935857,,0.21288019735576347,
1385,-1.7987651841489267,1.3745995584689072,3.1377254084208923,0.35867805793927127,1.7919627574055965,-3.837461543940689
1386,,4.627219310781859,4.78330229924615,,2.1610402209481627,-4.380473221500648
1387,,4.312932543857696,6.266621005870313,,0.18301337050707178,
1388,,4.815959743264545,6.540955535525923,,0.9826171387667075,-3.40619026266447
1389,4.922602138104265,1.9247702251900256,1.6010570203610188,1.13379420255353,0.6844772880324279,6.280788207068779
1390,,1.1725726897115696,3.3468264350830386,,0.642092838275722,6.326521137452626
1391,3.8608226420211516,1.4151405305920537,1.1687659784232365,-3.2293308944035344,5.4858534140120545,6.745980879393179
1392,2.240569709385094,-1.0320871043572275,0.7054461391362905,-8.278986260362824,5.795646940061929,6.206232854030443
1393,4.249187421379673,1.8425081292654129,0.7185345783433525,-5.270788589408249,-0.07460292934281654,1.0128462358758452
1394,5.830501153304967,-1.2122925478303408,1.7836988881847133,-7.579322149222944,-0.4545130879784105,3.281447445541728
1395,,1.805719521734655,5.153452491654244,-6.277037147634706,,
1396,,6.049787877539045,6.652918760764969,,-0.21324344921059868,5.911255610326846
1397,0.24988285411780464,3.5040082690700345,4.551891127962622,4.65745203343306,6.1486773281488345,3.197518493142554
1398,2.7012120668771904,1.9792772057604597,-0.8166995463776534,-8.821046076768287,-0.7786677256147806,4.609291325700162
1399,4.760019675089751,0.8468928865651819,-1.9955458588642667,-5.776410447738928,-0.2074747190024011,4.637901968229415
1400,-1.370278661261231,,,,-0.9631935506594379,
1401,2.8037350428384413,1.9245750359824483,-0.9121775610254215,-4.585258733597498,1.5090346780477513,3.1901522822702466
1402,4.143310905307079,0.2781616023547475,-1.1284299681251388,-4.030048659096921,0.2655036020723782,6.4268436325952045
1403,2.3867061243919396,-0.9618285942825953,0.6473402919303577,-3.6803206406705176,2.89257892319554,4.019370430661618
1404,3.8014839432694973,-0.2520132083710396,0.5348485128277225,-2.303950024008598,-0.22512947045631015,3.788705621701494
1405,0.6941634566272488,,,,0.3833161687762432,
1406,,,6.318263356449039,,0.43136648744303163,-4.116083875338505
1407,5.024653403526463,0.3742460869809443,0.3738478768591913,-7.2488874615047685,4.8141421617431766,6.985082475764829
1408,3.3902863322697305,-1.7076684028601032,,-8.005417797194436,4.623006567586676,3.9610025497978656
1409,,3.7856770084033116,3.534782773824358,,-0.9661911547487999,-2.8881710079654006
1410,4.659647018806405,0.4893752378386227,-1.9350205501307158,-2.1825157964234654,2.3568322761051492,2.070390104231722
1411,5.1817999169347395,1.9247114556675269,0.9151137829616827,-7.717632161801907,-0.8720193663519102,4.078416888426705
1412,5.708711304182858,-1.2395647271637278,-0.7058744463085647,4.542050668479066,7.521687622276589,5.884100547278114
1413,-1.384576491598757,1.170381662039128,6.74157797032195,-1.201037545235712,2.7607195115213043,-4.251831294708559
1414,-1.4279321676550936,1.631595706613228,6.005693314952751,-2.2541929414203183,2.5682977157817684,-2.9953042386922575
1415,-1.8903454366067698,1.7748066961659645,6.765337581727179,-4.975549337469459,1.1420890045429706,-4.420070507407111
1416,-0.5837961180904947,1.8405426476699918,5.706468992527862,-1.1479795231277663,1.1743836165486525,-2.3354628526990395
1417,,6.805779311408656,4.453615842799449,,1.6151126908093734,-1.9987289468357452
1418,,3.7019666582146877,6.752724701247104,,0.5482018163375955,-4.610772448067392
1419,-0.30547408901101725,5.27090934967892,4.102267235878733,,1.5888901514917284,-3.1601078382436896
1420,-1.8028686901356756,5.317257942512863,4.328690208680847,3.9064535525592015,5.734894862385933,5.661162122350898
1421,0.3265841454632177,0.08584131643158899,5.803233725962235,-8.189451323905423,-0.8209236890329915,-4.771188309651358
1422,-0.6401303408122796,1.909231762916827,6.061265240423669,-6.551125200930287,-0.7838067611622292,-2.6309154129227816
1423,-0.4268264473835499,1.029242229044397,6.71761394812777,-3.8815653685425042,0.8289232445785752,-3.9856693787421404
1424,2.9385686034662983,,,,1.1984905039381857,
1425,,4.958497940240505,3.8192097796282813,,2.55127088503282,-2.917299394917434
1426,3.597263879888193,-1.3533094172519817,0.6602258889109132,-6.177236318499593,-0.5813548809676715,5.731490743156807
1427,2.6096643590229354,-0.0923965554396684,0.22631627289190415,-1.5705171444126007,2.2905922205049576,5.248142914603737
1428,5.969934011344504,0.8733263269336307,-0.6290725053406196,-8.44234718293285,-0.1598083715124229,2.525307512368115
1429,5.708003898026013,-1.0106343932987785,-1.4616899374234467,-4.588963197596354,0.57633634234341,6.172504614526667
1430,4.159828687047609,0.5624628081221712,-1.6223191834590662,-4.258776003662909,0.2664117111762363,6.360660869121864
1431,-0.6777085319565235,0.6664038401579708,6.1919921773052975,0.09700764279532975,5.648374491540757,2.1649167610071034
1432,-0.7977073593162969,-1.349196192899691,5.954184260737639,1.6350348134040225,4.142448688048711,1.7827344465518773
1433,-0.32107646486158803,0.2603437596030569,3.2551783938467493,-3.7660424130187318,0.6006228222458914,-2.958551258898831
1434,-1.5342743872947806,1.0865089618026869,4.548892675347088,-6.928665511588534,-0.39801555656024457,-1.3070340291119558
1435,-1.4542108876107118,-0.0044144500990570545,4.131061957584226,-6.06126851173096,1.0142817300067708,-2.830201578052295
1436,5.368133234480124,-1.951581831971235,1.3260743047176107,-2.2450944476998718,2.206570931663401,6.853629829131964
1437,4.083832081866035,-1.9638404050731233,1.6735906392351352,-7.41233165828679,0.7661376529062038,6.209943876886366
1438,0.5853576606437529,-0.5718789136850648,4.21796182284214,-2.3790085249187056,0.9624557733698624,-2.692544785797112
1439,0.8383466973560985,1.7047766996440818,6.93178752129411,-4.483477160640329,2.3950707774893303,-3.4285975777771758
1440,-0.8800684346738081,-1.0852884304577275,5.571109718340114,-2.8941914834495,1.8242333066882754,-1.2066780285727141
1441,-1.1877617722055813,0.5374568654892997,5.870704682087396,-3.2811354040751493,0.9618191043154645,-1.9043679910935767
1442,-0.06799931588668762,-1.111692028006562,6.906470553476739,-7.312220959087988,5.991905255616265,6.359416960273501
1443,4.494342887773787,-0.7133161268762667,0.599154208049349,-4.4344337697311405,0.03078473459219122,6.318258389708464
1444,-0.7737940746474183,1.3921692353198767,4.5088072421440355,3.139794213456358,6.216678926643819,4.250121274805361
1445,-1.9238353087491282,0.9154473337576683,6.207360709546747,-2.0535934368805524,2.5397073194107573,-3.900429593252132
1446,-1.5315373382533162,-1.6183976705056917,4.738123955192897,-5.523230017229736,1.3080828272221507,-1.6323292372974882
1447,0.14791832560074192,-0.2851886192258146,6.478134710787808,-1.2661066238756176,-0.11540731226651268,-3.303815536018284
1448,-0.023226205998532423,5.578981058372804,3.722630313002866,,6.235363523597295,4.878410675061965
1449,-1.918706408085631,3.91930704208111,6.790744717691229,,6.828124703708079,4.272177440753148
1450,,5.210649151778479,3.8750869745277825,,0.07648111942454938,-1.6954136106075905
1451,-1.334079024382517,-1.883315342982277,4.30488214943101,-5.363141302458554,2.2125329237822484,1.307238779551751
1452,2.3564980569929417,-0.07643641792511091,-1.586258366683789,-7.827766509097955,-0.8234149936400212,5.473018695697308
1453,5.021081770254758,,,,2.9683687709323827,
1454,2.510854249151758,0.6497379948194852,-0.39188768168446364,-5.86319131048811,4.709927414129225,4.031992556842704
1455,5.304270583742948,-1.5259844186899938,0.9157583646497873,-1.3846933815187965,-0.47859077186870413,4.886254702865501
1456,,4.488693134207898,6.024768980394651,,2.1842746900090155,-1.7188699847180242
1457,,5.646669099530623,4.575020675589926,,0.5791030133942834,-4.292250673502918
1458,-1.3067711729463496,3.564894328361655,5.4328455777197195,1.3759521045463425,5.008892604348347,4.015839188622666
1459,0.01568012422724485,-0.8444561406828563,4.778294104441589,4.547933605707648,7.242921877987789,3.950868300515287
1460,5.128112429298283,-0.4086500230458656,,-0.705296595054835,7.788682472137118,2.030735254294324
1461,4.834978896020038,1.6781245629920367,,-0.4287858450317257,4.543731067380876,2.6722828111448367
1462,,,,,0.9688661983027906,
1463,2.144641869730665,1.9730201006156014,1.119284806643006,-6.4184663724718645,2.522602654227607,1.9531167584231084
1464,-1.9408627297132386,5.283509744744528,5.969479794819327,,0.6516464523353898,2.173998353956033
1465,,,,,,
1466,-1.6876690840641948,-1.8203492924216298,3.913325148634769,-2.05060648196248,1.1499763492025392,-2.213022003910829
1467,0.3997494107575441,1.0440330731495437,3.2338321187422463,-1.9458458155541605,-0.8027986072247384,-3.8791706628736877
1468,3.2125136751245993,-0.5131001087555838,-1.52712042227934,3.169447837347803,-0.990607225916362,6.837864302014524
1469,,3.7410815684590877,4.199717716140805,,-0.020798328948319234,-3.8513687853823035
1470,,4.114572382547397,4.89723475427525,,1.7223332933165232,-3.8560145120991134
1471,-1.4643612734083107,-0.4301637490988446,3.6720803588073725,0.3595349255371348,-0.5149378910724274,-2.1138761108971784
1472,-0.04175967252251134,1.0170613114680715,4.4191892749793915,-6.175805348244977,-0.5449496076419051,1.918681285532554
1473,3.0524505454192985,1.67370619932382,-1.9998713540271198,-8.301910616036707,5.990598263317027,2.615623072941082
1474,3.4405458606680557,1.8037146611899206,0.8485498447129227,-3.193913638743714,4.856705081814846,4.543538241758571
1475,-1.2854472605889178,0.3084927844809944,4.599932181379458,-6.483847993919911,0.643844131750333,-4.1260171815206235
1476,2.3505713161186343,-0.5715116528929474,,-2.729027113739507,4.240292758171663,4.661071738616498
1477,-1.7016706248066118,3.8748393421897607,3.2295675447400973,,1.5913491705594056,1.9238453887414857
1478,,,,,1.8482887997755089,
1479,-1.2704790595234656,1.1501975694401858,5.333229067881884,-5.439289311792804,-0.2861949331185947,-5.055168954617415
1480,0.16680239830025223,-0.9959901446530837,6.537373732742294,4.545028075455635,5.302013413322852,5.76230470351266
1481,0.5670902370611508,0.2562986309619866,3.6069718047842363,-5.099882885875424,-0.6816447547672551,-2.1558096442899655
1482,0.49066057346285263,-0.5656824524052197,5.391232126136099,-2.7689655930328083,2.761588307759812,-4.364033155714543
1483,,3.731351266839744,5.658956880103267,,0.04266766351216056,5.71121736242029
1484,5.747831314861907,0.6265262763341297,-0.5736115831205788,-5.919515051726206,3.5171209751942376,2.423906775382192
1485,4.2152091237813085,-1.0383999649438538,-0.9820703713112204,-5.435525842867345,2.413386413587033,2.731998329171433
1486,,6.302843837673409,4.677338826392519,,2.4539661957312937,
1487,3.222097493111221,-1.2336235519306347,-1.9484044245015903,-5.968682289497165,2.0900910234105785,6.62792723748927
1488,-0.8084459324302635,1.6729568185250614,5.804390403360205,4.788833351810915,4.5747505779491995,5.954028801628307
1489,0.004257325115817556,,,,,
1490,-1.3850425259008552,4.142830399456821,4.642926280230876,0.3885634225376823,6.8397323198918665,5.186782416368449
1491,3.5879262857900502,-1.5927800849187297,0.16120027987175756,-6.039172727649888,-0.32466317515285015,1.493399991092228
1492,,6.708495140600066,5.0185492412418995,,3.7636105222439045,
1493,-1.1205527301360618,6.87970610680412,3.0294123572285514,2.6618018489678072,6.134901696729028,3.5095849050491124
1494,3.7888103613988564,0.02383448194233062,1.4046038006785924,-4.775865436008141,2.2872063511885887,4.355811550357385
1495,4.402377477497595,-1.1165843718696524,1.8305268295883177,-2.522924492633801,2.0770029027678287,2.124468314061368
1496,4.062717885467691,-1.8442746005845192,0.2629823084385696,-6.083555679073276,1.3868931240351892,3.6893598906696345
1497,5.677567921930866,,,-4.7893411787307985,0.3488100531045726,0.48320678504975567
1498,3.987854113055371,-1.855919163921939,0.05784811289091096,-3.622677635690863,0.05003654501440713,4.606155552731062
1499,,5.285041957065934,5.7668805121329845,,-0.5124406179889396,
1500,0.6890080537853647,3.5720046452113996,5.645370776851299,1.5168224161032449,4.5753379611603515,2.964260565887438
1501,5.968632062121649,-1.2991081519723733,-1.6597691781151342,1.964196258354627,4.036966442957195,5.685669071717795
1502,5.405699884567495,1.4670821868614585,0.1954938095210801,-6.818960921287546,1.0390296821441678,6.042697604924102
1503,2.8340423428987966,-0.8700808834427436,-0.4800801061411455,-6.754576459847875,1.3410446987223457,2.941657304516935
1504,-1.9609885337302622,1.8018369681898465,3.153603682717153,-1.5303686460497063,0.43735781061822276,-4.634767689545559
1505,5.722380883608147,0.3264915863177176,0.42854339066570124,0.8982572732892372,7.23262821339503,6.031943043338975
1506,2.4654659102453187,4.498193086310336,-0.44509108097500216,-3.2020645732018966,0.9014377845157029,1.62146004325075
1507,5.269798899805858,-0.25353998975577996,-1.0387991221405528,-4.36773481076682,0.45405966598430214,6.026374708789621
1508,3.5224933972992183,0.32035776188799514,-1.6201336763405028,-3.8059320015405564,1.5640252651193307,1.9165032011669223
1509,5.511897325791733,6.190929089869186,-0.7403222681972739,-8.731691203794496,2.6050371160916708,1.4975635765864157
1510,-1.7434691301179206,0.06679632992686435,4.47300054350833,-4.041833983656005,-0.3443165393984494,4.850652685050426
1511,-1.3763366634567742,1.035106407075726,6.916127366948002,-4.906792783302918,4.704777698938253,-4.094804339013248
1512,5.472226808018285,-0.8700115955594026,-1.6134154497953461,-4.61813247166433,0.5256370244875934,3.831624575448343
1513,5.223701670468092,-0.5877947002022905,-1.2924074467668154,-6.102229650806902,-0.4365231052698245,6.447343668919867
1514,-1.9203977707211286,1.5763778212902786,4.682946354737021,-8.316118379712757,6.424866604389894,-3.516888036545411
1515,-1.455688970983902,1.7858263615886953,5.007781710344973,-7.42510391862513,5.347687712095697,-3.1272152967339064
1516,,4.469563028871057,6.639720648881788,,1.4997761638137705,-4.877942686381162
1517,5.160121820958748,1.5702335299675074,1.9493447073982824,-1.3923214681276157,1.9154828202679435,3.179135635906875
1518,3.218716807176121,-0.32220467393944596,-0.22358256442377478,-5.709745307869159,2.7276511268479533,2.722914094836591
1519,,3.348069037855611,5.869047554451134,,0.11548978577757052,
1520,,5.227139723640773,5.328280599865058,,2.8008449671216695,-1.1194382993887007
1521,,6.380483433914559,6.19121876182756,,-0.7469466098674076,-2.15245622631124
1522,-0.250872910920247,1.1214632794873902,6.457465090283655,-5.247902325389578,6.341943790636227,4.004409797008738
1523,-0.7357230093974574,-0.09465404485028617,4.827552384892172,-8.54522631432993,1.4120565989170684,3.7356775070637402
1524,0.6780157525976465,-0.00983769183433636,4.900433554384655,-8.665845728017198,-0.7714664020895006,-3.7470507900259795
1525,0.45233173870628796,-1.1812749741637933,4.544203853324995,-3.252667625049522,2.5750970575503773,-3.7653026395489624
1526,-0.9745441466865978,0.36452357252648215,6.866824566077953,-4.67910515454771,1.119237584963143,-3.238280647094269
1527,,6.183705585376005,5.788665071773491,,,
1528,,3.700492709277123,3.3328924301609706,,,
1529,2.3236774636932656,-1.2554517123651845,0.1274897674797868,-4.913187844927404,1.6773943571092194,3.066568750198215
1530,-1.22172542601011,-0.6737373463457645,6.451838517965506,-7.028560887209159,2.3262961896162473,-2.5170145566130904
1531,3.611920930390003,1.420121643066904,1.49447484426709,-3.0330765332425456,-0.3987550583812741,5.162448013108871
1532,-0.8609191958466125,-1.1716921873745394,4.922239857019266,-7.625048146160736,-0.8456309782118668,-4.464739922734234
1533,-0.2291128081424869,-1.7153614991756463,3.2750157936279543,-7.452220895967718,2.5155249331261995,-4.29200865670781
1534,-1.1958048536959964,,,,0.2597348865186242,
1535,-0.127551107502909,-1.723964257006963,5.198869101855824,-5.295461593666523,-0.484081855058232,-1.5705333249810671
1536,-0.7717616352775729,1.7631384237312624,4.668657221009577,-6.684825946450978,0.873846482043487,-4.018746429709639
1537,-0.3438558724119867,0.027684597295402957,6.51099764149679,-6.994004852671889,1.393225461826581,-3.5156928053390555
1538,-0.6916171586107176,-0.3623483045856424,3.81597855798667,-3.825704552816746,-0.8761147902849455,-1.5224876813698813
1539,2.6940983580340188,1.243515415407624,1.9822756275336009,-3.780032079096695,0.09958472523513473,5.5573711769228815
1540,4.779804465632971,1.3433046590526476,0.33086020543708794,-2.397732615073097,-0.8687977121455568,6.117903920230443
1541,3.3843991419957833,-0.6712320137665502,1.2498963663468758,-5.637988016792276,0.681343229338842,6.837139647841873
1542,5.902440812236419,0.774473997954481,-0.6922320185856816,-8.382935754452875,2.58040041894201,2.599937681790632
1543,-1.1165986498993905,1.0844925842048185,6.30585846926356,-6.785293088403295,5.262614569635739,5.296561099734981
1544,0.8453602183505085,5.691058516662471,5.230754844506848,,2.930609696028786,3.3655498499246823
1545,0.29081874665554763,3.8820171943144084,3.2184413833424936,,1.5481912612728521,5.062492064642709
1546,4.5638884388732635,,,,-0.35344680586176846,3.855890520094536
1547,5.289922318564038,0.6186047403947976,-0.7770201638198497,-1.1592577476408987,2.6233978316581874,6.962638621099345
1548,,3.872830279194694,6.887381210379269,-4.215825931387974,,
1549,-1.5796555104927388,-1.3936148048510817,5.050461064306241,-3.3119624402057477,4.347758325098249,5.373413010300223
1550,0.6054046867346157,1.5035330503182351,4.163507544807377,-8.906457540044794,1.064992688612579,6.714947836876221
1551,-0.5377034473355016,0.15638087072272744,4.877627463642541,2.8903611187750444,4.891800104296397,6.009817415931391
1552,2.5300990038429427,-0.8701061538343782,-0.38918166916313446,-4.837521752776622,4.752234339127792,6.417406137022324
1553,0.6836572891969743,-0.29908394137407224,6.431431159703438,-8.666144991465641,-0.38500030982742783,-2.3672309504978353
1554,0.3995669228309542,-1.8497100844498182,4.219612622891848,-4.4311085497685685,5.712077461333177,-3.671889842079654
1555,-0.724356169632427,-1.4885277622314321,3.770705731537012,-1.6310651833880954,6.633135164516647,5.886515317156268
1556,-1.9325864339362053,1.0621883550388989,,-0.25460152623235677,2.686906903655511,
1557,-1.1939637015514148,-1.999947690277055,3.51628514478409,-1.2515436188672062,2.029876902688108,3.7549551723895913
1558,5.448057978858239,-0.3337333192072214,0.690030940579409,-4.659526939656255,5.055224366166886,2.5107312598017155
1559,5.6910287899130285,0.09004347982561778,0.7287685910186223,-5.315432922880111,4.048279830282581,3.2219215069210003
1560,-0.37509471089450797,,,,1.926821865026777,
1561,3.948247860279027,-1.7814568645100857,,-1.4379423146898143,6.075749500435694,1.1214181025896903
1562,4.425011893018126,1.8923128072490234,-0.7390383098074129,-3.59971828905113,1.8367236543038923,4.143959348154266
1563,5.059239288438905,-1.0954942091496567,,-8.44813625962002,6.423037992983939,4.030347158647691
1564,-0.09956322540917006,-0.7832011061466808,4.191437720182682,4.789896826867402,-0.19863840828498902,-2.283814707120061
1565,2.699354806655668,-0.7842259341931814,-1.4671553014085137,-5.255529495900655,-0.15597095661870597,4.151503131442244
1566,4.010264485265111,-1.0783289104432223,0.5295871472181826,-7.0514963817048955,1.7531728931044113,6.8441873685648895
1567,3.5946523279756923,6.496287115930243,-1.486691521015179,-5.223042044243746,7.851481979355148,6.468724084601455
1568,-1.2263326611419343,-1.9940989493912187,6.120192387825613,2.5153637182723823,6.357883249389763,-4.978954467875248
1569,,3.998675946273272,4.886505556066293,,3.447332526332527,
1570,-1.5819268112045652,0.9173807382405548,3.9099265540877086,-5.3372510885766715,-0.12110674815642597,-2.0729856262459543
1571,0.504791662977307,1.8673821905240906,3.664740148806583,-4.328243019521905,0.7546884068616944,-3.0821226868316796
1572,2.5854962765294602,-1.1028215904369933,0.3139724653395277,-6.123363643354323,2.1280079313849063,1.970277274676906
1573,3.4701379172798354,0.652190711690382,0.7736902814151991,-7.656638619175272,2.135810695772002,3.2132955845902496
1574,0.9532066321220622,0.9675867972914378,4.330918026374993,-4.952906027439106,5.884690285196111,3.5437374923072493
1575,,4.0529895189357115,6.759697502376685,,0.8130486676549198,
1576,-0.42292671595972964,1.393702391064165,4.3721069688366025,-2.3524447433416027,2.1687603527134716,3.163197968387766
1577,-1.4849573624079033,-0.30947988007225047,6.952496305960208,-3.676163810122337,2.35448765043083,-1.7582648194997144
1578,-1.1830738210958467,-0.7882723548138262,4.940921915893353,-6.26994170841791,1.619104001242668,-1.1841187665601383
1579,2.2726895736277295,-0.6988155703422061,0.8024477132795889,0.4145742300463296,-0.08629436447615246,5.790975926977879
1580,2.1032479791619867,0.8504869907898447,1.0138898652937949,3.1000072156089593,0.09604921629930363,4.1442263625396825
1581,2.5406654685420786,1.2671189233458497,1.4914384199615187,-1.5135631933460543,0.2593665985834992,4.432599210494409
1582,-1.944822305717317,-1.2735394062571541,3.716655821187612,-1.6992722362317245,-0.5327810207020724,6.118081459955832
1583,5.852460459660105,-0.5162323372150479,,-7.297589902793564,6.293606542056525,5.835569060485362
1584,4.198118306052924,1.6077613528770358,,-8.651099563998528,7.711602525949196,1.7932697628987082
1585,5.863288656939928,1.2267751943059275,-0.00016114651988763384,1.701115924112823,7.313512597881459,5.2834877108687595
1586,3.7299917180036264,1.9394336984285572,6.564560386805493,-3.060492465912679,5.291914994501182,3.6126171806588605
1587,3.2472647805508705,1.0169944569047547,4.84142158985713,-2.373095149149262,4.949017523404131,2.7678939271781404
1588,,3.002613743264236,5.838685426375058,,0.09264057869570563,
1589,0.7428969142432547,6.482676159825212,6.934846335774009,,-0.16192082190676238,1.300113610679515
1590,-1.6467416600752092,6.170379290239341,3.200701572568299,,0.8213165708218602,3.923497731943872
1591,-0.2704481296318044,5.509315807569045,3.386778402049543,,2.6337504556821862,3.1326205493012242
1592,-1.1778301486790284,-0.4272156941582175,5.881827016262981,-1.2559607605030925,-0.5820761490631394,2.509078777977483
1593,-0.33746341971702587,0.36255369831289364,4.127300142695318,-1.877460074329015,1.8810725029249327,5.168030597829481
1594,-0.04573682337212226,0.6440589731975861,3.737205734900928,-4.18176578445009,1.7491329199621262,-1.3012128193550994
1595,0.4892263936422616,-1.6861714167132453,3.157447692517388,-4.743162780056534,-0.6169805962473117,-1.368279179139328
1596,-1.3807316051589664,0.17799046501811566,3.087387024341908,-8.743307386856651,2.690289843031792,-2.9800268279154762
1597,4.024567629482625,0.8372849913326801,0.9209983147877974,-7.000428949981613,1.273890053752061,5.616912490174625
1598,-1.9670068067103197,-1.3307099787996677,6.0979424531477235,-5.304202610169071,5.050534515951469,2.4687376589456207
1599,3.758046956685042,1.1225281356258303,0.47669313912937583,4.2796261558124,0.4549039204409717,1.296685305754647
1600,2.4226590596102167,0.335093524007424,-1.2534355470965561,-3.958989883709167,6.017684203546432,6.092516312493247
1601,,,,,,
1602,,,,,,
1603,-1.589338128960255,1.8088874185073982,3.537733865571765,-4.526517092740156,2.026155036461681,-3.5970843646654957
1604,0.7000565025135994,-1.8303052812130787,4.870882559874201,-3.0499205863372634,0.029463976394734193,-3.171339018383225
1605,0.6216709604387287,-0.9386912101452596,5.423587331789266,-6.736701854736712,6.976197827992972,-2.2586642425002914
1606,-0.20775837025323773,0.40621781653966704,4.7134073053646315,-4.465179939116352,6.012876873525796,-1.4708351129389627
1607,-0.19844711337427334,-0.8137562917862913,3.108426784793472,-8.263004585499916,1.7740402325280737,-4.218720154823837
1608,-0.00488804336538573,0.8576983042770416,6.134006049394296,-5.670191112578246,-0.8411523989060246,-1.3320413388292787
1609,-1.4738814053881013,1.0360225208124774,3.0420530766075604,-2.98998473471985,2.3576326138070796,-1.7501549022657978
1610,4.5633053883053325,-1.589930964561389,-1.897235798002742,-3.4420815541842895,0.7926849803260465,1.0597591613887274
1611,0.7432363316837358,0.055420662260474485,6.047559620449967,-1.0745311890298677,1.5467727057133802,6.622675008892568
1612,2.86415301279282,0.0355650564431953,-0.8618303285461433,-6.751642759155478,4.271185667367792,4.765719512511649
1613,4.478351956795944,-0.5228732794030955,-0.22786196052591157,-4.996953905075234,6.8943228266842205,2.931080300392048
1614,-0.7436850711829637,1.7316998373537864,6.573217994393625,-6.340332572599536,-0.11504647374284149,-1.0858201697607197
1615,4.600804495755885,1.3100262749140013,0.4684259873076264,2.1733915571689755,1.7082957824011664,2.4788680010115733
1616,2.6080997183569394,6.00106310079166,1.399838187862809,-0.621042298234826,7.2238805321791855,1.0540347004379798
1617,2.24539884698919,3.608194422614873,-1.2150124948953398,-0.6972303805971569,2.0889617607480977,2.4128290535559227
1618,5.123046423347293,0.7888392749731448,-1.4977957941562579,-5.455631504205993,5.157991524543746,1.8263704311002429
1619,3.8392018899130687,0.8573081914948768,1.853920000646083,-2.139401244528833,6.6565029874186585,4.672997604101739
1620,-0.8505808554866825,4.833294476034529,4.731359786508562,0.9641992091969391,5.706367655920886,1.9992741327729309
1621,-0.4432441079368765,,,,,
1622,-1.8590965999359403,-0.15313231843593678,5.142169976150009,0.9555292804430479,7.556477432907705,4.171779365241329
1623,-1.5011450825459867,4.404877666394188,4.907933664789792,,7.380902246598729,4.540698829735254
1624,0.21410236102649738,3.3751062684535693,4.55683458464196,,6.101728036029624,2.788250696437241
1625,-1.7515987032679536,4.944522033529315,6.549698161782947,,6.76602221107084,1.2103903901656448
1626,-0.1905413814834811,1.6839785403086418,6.57573406180766,-3.5152946480316425,0.8928542675215208,-1.4860395631258636
1627,-1.2639483160403588,0.7783834714322666,4.343265578342935,-1.9363633309250279,1.470908799253016,-3.9226232011189097
1628,-0.8321096336403628,0.9159258106108508,5.460279085475907,-7.3440842944591775,0.8253052639998126,-4.628786915465417
1629,-1.133914684904036,1.4467644132991733,6.707630261764718,-2.0086866895122615,7.533398814606591,1.2235239781595293
1630,-0.9329781323414827,-0.9037094534663421,6.848234002607658,-8.489052831547136,2.5763657826187893,-4.6032764188257245
1631,0.15713933687381076,1.228284728815986,5.03583625024098,-1.8873137626439114,0.991478170899114,-3.8768151147855905
1632,2.2326555217174664,-1.2190329440937553,,-6.343969693726302,5.982868085783511,1.158084695505268
1633,-1.1086307969825264,-0.6186284131403288,4.811299319813168,-6.459352761316101,2.3672352925584006,-2.5659686943215902
1634,-0.30078357693081226,-0.6575543488822861,4.114777393792112,-4.886245282304604,2.205408806257222,-1.7942335834339085
1635,-0.5718457698108026,1.9141019974811153,6.835487500178558,-1.4724063982666973,0.6420209863152668,5.434748191001005
1636,-0.008984563036170234,1.4261497228821949,3.5712573724736534,-8.584481531894651,-0.07965981106575026,-1.4089274482112772
1637,5.979465270530653,0.804681170840625,-1.5678166152259028,-6.159521169070108,0.6243302439220944,2.9080587208376745
1638,2.231122583819252,0.908228621553836,-0.08603271006387492,-2.1424131629430363,2.3048700045310397,5.7778012627443
1639,0.8104895825152318,0.24829370478686097,5.319318379963119,-5.810464206708765,-0.0894676281432385,-2.527126920375488
1640,0.1977178348953006,1.788362973761594,4.130201199457193,-7.378765857788554,1.0977467556162759,-5.035988971050575
1641,-1.3551743338303002,-0.014962081496371571,4.116033291412574,-5.581550651201647,2.2243875513289506,3.5903973529751116
1642,-1.9064450039981815,-0.47792558563146037,4.619874456810855,-5.894113107958722,0.4139117659813305,-4.302614571438126
1643,-1.2132036097970205,-1.347853822344221,6.995171743480297,-1.673715294028712,1.568839580374522,-4.6540723363033765
1644,-0.21476387118766382,1.144823842801945,3.219865397783705,-2.896207723293853,-0.017471527159744205,-3.584167650977373
1645,-1.845717085545098,0.9377772607649899,5.314167348818574,-4.941785834327534,-0.5628796484536763,-3.0239393254441906
1646,,6.682958615664105,3.3302887975871727,,2.177537493652549,-4.882703152693463
1647,,3.1602366493155105,3.618083472433142,,-0.604122906540775,-3.6444273012581574
1648,-0.5108983520424335,-0.46257629315883464,4.758251868159059,-1.0926291700824926,0.08552768266513211,-4.331582966054283
1649,-0.20946912672269535,-1.8992207187798236,5.041840613667852,-5.259098213689075,2.4204381060551787,-2.4324877027960836
1650,4.78014102542699,1.3559902399812118,4.0351697671251525,3.8438212372084046,5.253003023878396,3.7179889995581483
1651,5.934715706940237,-1.9543223613056242,4.265828646765645,1.3279390510693994,7.014664573849864,4.077295966438282
1652,-0.9972644856246529,0.814800828396218,3.347868245677241,-8.501195119113405,0.3858790340038203,-3.17443573657723
1653,,,4.212879261032164,,2.892181475831247,
1654,,,6.8662337635529225,,2.9189373975697297,
1655,,4.165843781750896,6.778829536661224,,0.07310619312122868,-3.048427748150222
1656,,3.8301638877324,4.3395132804939065,,-0.8360843438512795,-3.322910667995901
1657,2.9567206912714408,1.8810286105435658,0.3422573067890371,-6.876031590083964,1.8202539878281396,5.278188945254619
1658,2.568997784116892,-0.24935144228082384,0.16550033025185384,-5.4917342188286415,0.8039475947098909,2.641017719035018
1659,0.3127379332501319,-1.0601019652247197,5.283415822505903,-7.715323812806005,-0.5969860294854643,-1.178509204579219
1660,-1.6802000849839172,0.8194857432946414,6.638381580747062,-1.4176470783828599,1.8300921198220845,-4.187268882250875
1661,-1.7745813176267051,1.2685136233735201,3.024735469785284,-2.8570632447771116,-0.8752975681168023,-2.9617851422652706
1662,2.485540074583074,0.18572388175708876,-1.6558660975712776,-6.828138632415734,2.4807871365017755,1.7295247308417905
1663,3.213100841560723,1.8681412912563837,-1.7718869023060266,-4.259267717891279,-0.44538739822582085,4.33634433138563
1664,0.18456783717060676,-1.7933196407677714,6.2427343154910995,-3.2186750450323647,-0.4907499669699684,-2.0714647428921493
1665,-0.513523139978523,0.019185250928135167,6.7934782204665485,-1.467717037579769,-0.29730842962106474,-2.7987001038732173
1666,2.404183568271734,0.8738174140273267,-1.5780611281076888,-1.9427819146890482,2.841065548615206,2.961866224939337
1667,4.7686454778058405,1.4505626772667746,0.34235312696804043,-4.86152451862425,1.7726783263405832,3.6549482841656324
1668,2.2491675307269516,-1.2829728160428786,0.17738218001750927,-2.794906106693504,2.205486714974575,4.8816805046978855
1669,4.037688689537703,1.2000150811883572,-1.0650324099484294,-4.487544672056071,0.5905416809873119,3.9647548117586746
1670,5.986787416603265,0.2108308840981532,0.5510986577039823,-4.562741747963009,0.34525282501458077,4.721673176515923
1671,5.255881145120109,-0.41378178969107027,1.2802710465714104,-8.051136177038538,-0.062061764057274704,4.265200341471884
1672,0.06520898744088144,-1.473134875011958,3.3653031012017,-7.960368709836441,0.9225936117811653,-1.2880932657017037
1673,-0.6955147227081011,1.461183812982657,3.6457908953535827,-4.747294450969806,1.207316227284308,-3.524730402778798
1674,-1.2607895514431795,-1.3709023040998116,6.84298521816431,-6.82356394181401,1.527100437083173,-3.1768570959219966
1675,,3.952586752053032,5.1501606579599475,,0.02847615949553517,-4.699547190407436
1676,,6.633738224030127,3.056786715663587,,2.7946164717648196,-2.587012237710926
1677,,4.872276312863922,4.030528128930437,,-0.32096361160325737,-3.889037720011552
1678,4.460877891704278,-0.7608445801090387,-1.8336786297875598,-8.797502861525825,2.862612798169539,5.43877841931379
1679,3.2250147333625305,4.865197748005167,-0.007477329631856433,3.836167306607175,4.880265089464174,5.235619918391558
1680,0.4573079969412681,-0.8398137751672854,4.7997747962708734,1.0294376994948626,-0.940572667448454,-4.408175960339096
1681,0.3982487944314894,1.4856568788032736,5.7716356994789155,1.6084328221057695,0.9245042644206678,-2.8486771577414958
1682,0.08409117439930625,0.6908138655908831,5.93264156066822,2.3274356333374056,5.554124647159359,4.205139686862598
1683,-1.1835603880281087,6.042302612998168,6.981686052527495,4.715979330418278,7.46290896053434,5.073418356780693
1684,,3.6179689684959317,4.150044926023035,,0.3334732759581558,-2.8982804296551268
1685,,4.949061508865164,5.152880490749842,,0.7964952452132514,-4.750894322871804
1686,-0.229305634708729,1.1867267620701025,5.13329427559739,-3.20760323460875,1.282659554722083,-2.2248968787380963
1687,-0.9170746215081356,-0.9981240794536734,4.622581144973022,-8.706305324311153,0.742358260594653,-2.5270505885820813
1688,-1.7252485377504307,0.49949856319277086,3.6766477252004233,-4.223645505687175,0.6593890895997858,-4.291653633616929
1689,0.7519412035509523,4.7199409592789205,6.909826256800783,,6.897689385925667,6.2413577048431215
1690,4.49558348081744,0.2869864039298371,0.7572434413284859,-4.670350514674054,1.9308944328496611,3.5936281362586078
1691,4.108166026230319,1.3313224718503005,-0.9907479769863816,-1.2483929578840112,1.7435060067144323,3.4765788600945573
1692,-1.5895391260231562,5.387642834878488,6.413268773118664,,5.615244074747427,5.585473895175075
1693,,6.998230813081516,4.993332203645999,,2.3330856092202996,-3.1534819752702505
1694,3.7043337425581244,1.6243487838748865,-0.7689123841334649,-5.10827490023114,4.858978080438691,4.4953233233756436
1695,0.8507123486311243,6.077795617905053,5.412981762285597,,5.42387362140027,1.4260413514623196
1696,2.522841820490716,-1.9513672134757463,0.4545538415638013,-8.458473662310805,-0.0001619108832654481,6.352672171971198
1697,-0.6619794841536308,0.6960815573907928,3.909044353591971,-4.5708336327196575,1.438115165677693,-2.1351660998775213
1698,-1.444596511074816,-1.7926513318848651,5.175148363838998,-2.265679030642242,1.3407803384450705,-2.909947674030875
1699,5.546416901860746,0.19543726374168302,1.5917417627667534,-1.0250956495633732,0.4789530620412059,1.1846993125678722
1700,3.799138793733505,-0.8494649729185928,1.2396987780937885,-5.537352576834808,0.9442316505337118,5.490378318752078
1701,-0.374294514281287,-0.7728896014795879,5.779880587494034,-6.413863417002125,5.136416661460942,5.5527650302190805
1702,2.7784903377615513,-0.5881622522638084,,-1.7435123815802438,4.704357226066157,6.718666545514776
1703,0.6188382408294084,0.4851719816320921,5.060668200979615,-0.5406524298310773,0.25513055322713263,-3.453616503296554
1704,0.19667620449690681,-0.6637962942813613,6.961140684091706,-7.441807488617643,-0.43261993342087157,-3.750523567721169
1705,0.41968455987520703,0.9307977448930529,,-0.18203598040504365,-0.14479288886114805,1.3248071327115534
1706,-0.02364793078560745,-0.38188702136984287,5.445366695080333,-4.063132964896827,-0.5779428334557235,-2.581351140112725
1707,3.4710376315417424,-1.7265818224420473,4.483894963805307,4.658657222259809,6.973331677405897,4.581141455513177
1708,3.6565192214237072,1.1350406178083448,6.088608151552743,1.0343605213528788,5.008279614840376,3.5670438364880006
1709,5.310151644470045,-0.8569625799057272,0.3325232820573849,-5.733522121170109,1.7322792152274864,2.98379821200339
1710,0.07683146935430307,-0.26892920823185706,3.6818501959227614,-8.637839487534617,1.642910551369442,-1.247148391942992
1711,4.934457618323899,0.7417773481181744,0.9208884278570426,-6.198888499621601,2.8024256288392344,1.5419120179907253
1712,5.07721965777102,-0.67017151916409,-0.5407064537062471,-6.852501195144995,1.9187144345714093,4.375925033506142
1713,0.5475878249529595,-1.7736519311872445,4.538063365819557,-3.500303771956114,5.816669929887921,-2.332337009911945
1714,-1.2509916434301318,-0.504312198991969,4.387835919277721,-1.407886918095457,-0.7918139097606745,-4.755463517926547
1715,,4.591462920656722,4.727228482897238,,2.53698102971331,-3.1889964224069005
1716,2.044125414409617,1.7777946513515894,0.5638641842998953,-6.8300503515010975,2.45070104801823,3.874244729840269
1717,3.6646162032969527,0.5669396566621312,-0.1352705549472486,-2.501685694440062,5.543437842720531,1.6273273948334057
1718,3.9253767936068265,0.685918490486648,-1.240250779478631,-8.52411868133527,7.928309516158578,4.6749373221121635
1719,2.076769461043792,0.5291307365651685,0.8069548167084386,-4.678895307642363,0.7732828893272137,5.42771891054445
1720,3.039253101946057,-1.2040268217312224,0.22586110893524158,-8.403127407031231,1.3434533970571374,5.603669974195068
1721,5.0411593789457,-0.3266611869301941,-0.5655099709391849,-1.525431389311759,2.9043133989133487,6.432239197833363
1722,-0.5317221626601798,6.31021224019473,6.127119343068048,,5.564369031497143,3.456824877309373
1723,2.5484391341378445,1.0037606307220692,1.6453572719555425,-2.861026797664378,4.319930014143561,6.7184366455836555
1724,4.141240693411788,-1.594503224018278,-1.9162578787303954,-3.724450546574001,1.1292188048756653,6.192576527568257
1725,2.860807771125007,-0.8885847282966108,-0.7369034464871871,-2.4026764355653176,4.359303092357326,2.7790099336103546
1726,-1.3363671803210773,-0.8947193899416046,4.93669222167625,-3.8075270759242033,2.6212875866875427,-1.44312799344649
1727,0.9630040951550132,-0.2719210119346256,6.176057838210641,1.7910961321091075,6.363014922313356,1.9556988305456957
1728,0.8321783418804467,1.9214750770561937,5.305955688934128,-1.2473598366562495,-0.6678423229710264,-4.675437198690361
1729,-1.8817140226488664,-1.7299844320376687,4.3682778572793595,-3.278342999492989,-0.23579019103668797,-1.045151766843892
1730,2.0484834548776436,0.0748067549875795,,-1.6000989300314687,6.397454243077824,3.6123367840484377
1731,2.9648061040768554,-1.2825365362546153,,-4.846074957523688,5.675036014340213,3.4113926791745763
1732,5.903495028341918,1.882706350857848,-1.7724689663701774,-8.032637679214359,0.7630213874037972,4.454316138040976
1733,5.206148519112306,-1.5467808641698313,1.0661106122033461,-4.758094229069852,1.3390284314866074,4.500317694489722
1734,0.11672721660462115,-0.3855925488730134,6.239915009001728,-7.954513034010518,5.727374820477885,-1.2067194675086501
1735,5.838306591863775,0.9515414519435292,,-4.245815159119523,4.215730416668905,5.499922086626075
1736,3.9514163604230346,0.818219417057817,,-5.121975436599206,6.066186085149295,4.059340042773243
1737,2.438945115804767,-0.3090821211248025,,-4.006210778328436,6.018957946178274,1.6289364913784004
1738,4.1918381189339025,-0.6138995571313004,,-8.885038279177191,4.598197350911587,6.149748115539805
1739,3.8175095350315975,-0.40954700954893375,,-7.413146303554618,4.415357625249112,2.8585879970106047
1740,,3.682833602801778,3.9531588195768217,,2.264911937705004,-4.741141568316017
1741,5.377428387094773,-0.942890701673988,,-5.051585215729851,4.494290041424061,6.827784782544053
1742,0.7757453836216615,-1.1786636593330586,3.8975320590715263,-1.3942422560299548,2.9530484944410897,-1.270265051313289
1743,-1.4582692359079132,-0.06783822650614812,5.018011785575734,-5.909592898577282,0.5554077492965328,-3.5849464838217404
1744,2.3923306484348847,-0.9258607546071222,0.8084315355241267,-5.584913144634493,-0.8103347068649333,1.7071612884078853
1745,-0.2961618150540053,-0.8501492285171335,4.0433971171444885,-3.2724636587085847,2.2046865868784975,-1.630301513937631
1746,0.7464653804616057,0.6270262346795665,3.0363483185030065,-4.155815695794394,1.4175240178460402,-3.3606922306210105
1747,-1.8981564893683698,1.8741495083633477,5.593190172620129,-6.584097464438313,-0.20582625201301985,-3.2694827655812686
1748,0.09226254785814691,0.41455108955550624,5.044375374057401,-5.692884597053533,0.9793152841011838,-2.4845508208628453
1749,-1.1079489230460475,-1.6920768052022062,4.782071357966226,-7.231070478871279,1.9692417256696155,-1.9153613344769096
1750,0.7731890224216544,-1.6976602099906575,6.867874064430056,-1.2706412226656711,4.404113067023912,6.749507063510425
1751,0.9131749025122737,1.8056931637076163,5.284796813180251,-7.92455202300914,2.081647810725465,-4.921700653365629
1752,3.952964732665083,-0.8108327835984079,-0.6745872664430967,-6.003359658968982,6.4388328173390414,1.5460714969913174
1753,2.6001949653310428,-1.6317268161987508,0.702653480502639,-8.759254072796823,0.9984750917896752,2.3862173823723936
1754,3.2987039511318823,0.3961806624224413,-0.41624760930970006,-7.1985754660187435,0.22086012524053555,1.2794803402662724
1755,4.9494284042795975,0.49459728499688516,1.0250165722927094,0.746998169425532,2.8949704039167914,5.230679092549817
1756,3.9040727064615544,0.5940213088721074,-0.18326219927338339,2.549926103509228,1.6534514151551833,6.101792527417359
1757,3.5035533656837683,-0.9303876609164448,-0.3508776970756329,-2.748561238897083,4.785930682063578,3.604426899127202
1758,3.5779053326766315,-1.9395515795737404,1.7389200386117591,-7.3626896945761935,5.005720676247227,6.571132501814989
1759,3.837787268587289,1.8600616797060956,-0.9964792774338147,-8.327353062879943,4.694288651123467,4.541794726070273
1760,0.8327997889654972,-0.9964234943126837,6.453726335785859,-5.186013593696925,0.6329517848490798,-2.651316997449351
1761,-0.5773543158395085,0.7041070217875209,3.5578011000094905,-8.885657533525633,0.12185497296080983,-4.300925208549611
1762,0.5861287490878808,0.8265211724859796,5.276825930205668,2.302913531687823,7.831341221595936,4.780043079572508
1763,5.1400662528871095,0.4400319188749029,-1.5182055643188468,-8.289895347191852,1.9244127078862585,6.072515321711067
1764,,3.121854920078983,6.471918530731752,,-0.03126403103074582,-3.6546899216121282
1765,0.5336490926746642,3.8177936333243814,5.332423104300995,4.503800955426412,7.418469865716258,2.780801737562335
1766,-1.0426946509566095,4.361646343405154,5.872056763360446,4.650026989936207,4.921979418791161,3.125594793764459
1767,0.4867474097412454,5.042323118098573,4.488174384492526,1.9178378443602837,5.3102652363208005,6.435711583009199
1768,-1.8889715386473975,-0.7483664580929574,3.3697982318130784,-2.53227209108939,-0.31315765416785457,6.405781047672302
1769,5.568338794683154,-0.9156107786088699,0.33817485054339813,-2.820229232205751,1.119336912459558,6.858896674169312
1770,-0.211188034720724,0.3906754525740619,4.831601278268849,-1.6759246516935846,0.15995161923785406,-3.6464945104513005
1771,-1.3099690446960501,5.460516631571204,4.57791767255312,,1.5156216504468036,
1772,5.821338762125318,1.4643833071778818,1.8772874261734385,2.45869044836173,-0.5282427554146121,6.411029969458696
1773,5.147613621879527,1.786935223080908,-0.4886395547453104,4.481181395430039,1.6197654138978053,1.7642328456680263
1774,3.2616278299067893,-1.5763716227742406,-1.751847532716061,4.033539317586855,0.13318817995783072,5.942345843977941
1775,4.752538936827783,-1.3806806723205982,-0.6427751180452983,-2.1587937355809874,-0.9990253775757125,3.4590312943690087
1776,3.7504126990633386,1.7789453540465823,0.02372946843234014,-3.5235266359353936,-0.4922532501757736,6.944808142311045
1777,3.0186827570049206,0.9461424337334072,-1.3523031371227292,-8.548228605903802,2.7344617028857146,3.833686166641529
1778,5.3634863750971284,1.5319759745346564,0.6324108452389601,-2.7296244637709144,2.4694189391946573,4.323016816852479
1779,,6.642422884978772,6.46824075348974,,-0.06556166052036616,-3.1550021019696732
1780,,5.039416126593224,3.9759813457454087,,2.1134882576648337,-3.7026374948701575
1781,-1.638294267663143,-1.1894648620360524,6.866936916139478,-2.230516142613731,1.43428750211841,-4.623083396783595
1782,2.1537057426636412,0.3503458643841213,1.9909975690285575,-2.600323390342659,4.839571440462716,4.178649830736406
1783,5.607048003973562,0.8045601023241453,-0.19303893218959622,-4.914995507305969,5.967503883660045,2.9304226684128563
1784,-1.769135068422872,0.7204493877881843,6.832552486767225,-7.109985272412508,2.883618929750651,-4.467761035419809
1785,3.8459100527298604,-0.36738982111355645,-0.5810820493669522,-2.2319565060119357,0.4944244455264464,1.450133200587865
1786,0.0888680802816213,5.005102668441307,3.9905267079655085,0.0182829941426262,4.078442218297201,6.373907457683218
1787,-0.980371299266956,-1.9384147513065022,4.392207939479551,-3.1731654411988988,1.7258433691781552,-4.923125979452146
1788,0.17430190289356262,0.3317066340542769,6.582222982330691,-1.1532384602978034,-0.7458544082422891,-3.150177169120142
1789,-1.8039255839908717,-0.9875895331033635,6.866488889603675,-7.724961749377588,0.584991129325799,-1.184889773316732
1790,-1.0541250352071354,-0.1989798429728924,4.773756511712626,-7.1676304700429005,2.855270749152779,5.816055017496999
1791,-0.3815234653847883,1.8303243051254163,4.2839883050128575,-7.278077485459814,1.1559248280191643,1.8371613040580839
1792,4.548806038085013,-0.40385526140212935,-0.39717987426454426,-2.652433845250348,0.15152006808274177,5.660609789128051
1793,4.6374158116852175,1.359207351125568,-1.5394101801325268,-7.476334704087203,-0.5189136091266733,4.755080266198172
1794,5.58047100065442,-1.2458328942585852,1.533095079305933,-8.434113365479428,1.8141142161616528,3.454863153718291
1795,4.546678859712525,0.6898438822547954,-0.34069400100884684,-1.0114632663836414,1.5794251984467322,2.5241274326832364
1796,0.3721707022050842,1.9080279504433195,5.10437613846889,-8.767392461859501,0.49575666084431846,6.158372802197664
1797,-1.0437385598821105,-1.5924224137411402,5.751076881769663,-2.3122914598042295,2.803765549016532,-4.589337727484823
1798,4.455734478284255,-1.9667145083350717,-0.4508988184030345,-6.054893163455663,-0.9111859267251146,5.20112977203272
1799,2.266608498876836,-0.26566556080689563,0.6387630555705919,-2.261542859852301,0.21489741555358677,4.286439783051435
1800,-0.12232371179466694,3.20097221056813,4.09389819251925,1.6002988018641167,6.685472065219416,4.657411485027485
1801,0.6579339027045938,-1.6294928315461406,5.945892745999894,-4.547475898708048,2.6842781729434186,-1.2181041261393033
1802,4.073632261478384,0.9935388507206249,-0.23186309637947944,-1.783513465923991,0.2837437126419533,1.5463977481500781
1803,2.6006763097798706,,,,0.009013492960781022,3.8435189449537326
1804,-0.15240821868842636,1.6581951485141249,3.2066295994797067,2.108872043883646,1.1368829836794545,-2.0822444427257336
1805,-1.3011171493257039,-0.2639128430309534,3.19717814250492,1.1485825297001004,2.295207508082326,-2.4713363887127824
1806,4.949735169586681,-0.965149153574641,0.5929359051946446,-1.587877521715658,-0.5874103687177026,2.1622023383363613
1807,4.04888785917943,-0.2623834600459818,-1.7542094233005512,-8.892595529263337,6.092632642266651,2.2503026450832797
1808,,,,,,
1809,-1.9267920253730286,3.139646384665924,4.545150931257134,0.9978592342531766,7.594555722343983,4.967824018038686
1810,,5.204639928607895,4.413892884835502,,2.772083002990259,-2.4397628220342993
1811,4.7209112321668485,0.8937928673186588,1.2548944498483927,-8.364400375814007,2.180292116018741,6.4675369750208676
1812,2.1666919480529323,-1.9637776351593659,1.7620161548555318,-6.970940034389876,-0.2749966153837625,3.4225400929686627
1813,0.610297371332132,4.752714554310487,4.262532984885172,,1.848032675761192,2.246496209561097
1814,-1.9361861194210654,0.35781832710482386,4.964079142463542,-3.6339235806219436,0.5398366651824555,-1.7032857219119295
1815,0.6241057411202535,0.4531689711537268,4.282934451743063,-1.8899190067563776,0.6091804369165579,-4.624874378927541
1816,2.339168394274677,0.550755078401038,3.7690318195380454,-5.301596445013425,4.6575708126590625,4.892481876795388
1817,4.865293654565427,6.356721608922898,0.595063571531232,0.18892392116122472,7.216437001907689,6.227122371020788
1818,2.2883376786694836,3.642718490207796,4.237878320882503,,2.133160995047458,5.489912988284508
1819,2.285027246034321,-1.0319073059612944,6.899617095766624,-4.130483935717751,7.167844076625413,6.2125434778911455
1820,,3.0998868243017554,4.644453774177356,,,4.219328360369851
1821,-0.41318587952355834,4.796155171079127,4.778851207572102,,,5.511257645198556
1822,2.0484342572460563,0.8562125436480781,1.8182639776247551,3.2168491398572745,4.508724835568255,1.8403879764657618
1823,5.826005608886723,-1.6344288113033942,-1.394265845632373,1.3125525163880427,5.594236950807485,3.0896481622995218
1824,4.950033532509863,-1.20291403330718,-0.09033222636832927,-7.463649892277705,4.680610639404107,3.3372954272362216
1825,3.413005867273474,1.5098808937099373,0.40722923366299413,-2.553451478122331,5.018882069030884,4.067774830001722
1826,0.8172034471649019,0.9548941106745088,5.306180036169111,-1.26023365523488,2.8511393393031668,-3.010125734725104
1827,0.39635086849638523,3.949914364519759,6.9333630766611805,,-0.4933739886752617,
1828,0.9938023435217824,3.1984576647449177,3.966405242510303,,0.682522619221374,
1829,-0.9478608067529877,-1.945012092508409,5.725128499606321,-6.825655663482425,0.9237679300216524,-2.229460300677493
1830,0.3015662102958976,-1.0064906210741071,5.863938825385327,-5.023743180783443,0.5052490674018884,-2.6770320185315333
1831,-0.7942038078539562,-1.1423695345489242,5.429297737986149,-8.279142861808586,0.45275833231084905,-1.6787239318084164
1832,-0.5603701375708237,-0.9167704798441483,3.3543135229095045,-4.511504357428582,-0.7909225951817616,-4.765505891893676
1833,-0.11748146076510513,5.898393197055599,5.7074891615821475,0.2617372593299079,5.052984765754118,6.574458212701521
1834,0.621032071539162,3.4463721600415265,3.256379012922931,1.1548976621020983,6.224945616116562,6.245779452008888
1835,0.9522504994485017,-1.009756576721987,5.384570671029957,-4.960361268716742,1.742155389593331,-2.2553967249196787
1836,0.3048215788340667,-1.7498894070847808,5.958324755850086,-7.814617404665233,0.7448592952198838,-2.891309496259485
1837,,,,,-0.22082246609264056,
1838,-0.7466962935648147,-0.16423481128362938,3.843879704771021,-5.443977827854817,2.2641345400228508,-3.519890195555443
1839,,5.433278070665521,6.366488058732488,,2.210243562295201,-3.6777219855827523
1840,,4.124199130320793,3.1214153969949754,,0.9455679943145954,-2.538981800135768
1841,-0.7359256539539349,0.9309354414779378,6.3752514827995235,-6.3038984757258305,0.19380466883252212,-1.4424329440069927
1842,0.2127484191184943,0.4269291683299683,4.841316299893629,-4.808647258994892,1.5523719474284248,-3.0449441255288168
1843,,3.693984350469222,3.8703519008243186,,0.1526105970663254,-1.7114216142718819
1844,,4.519006203530938,3.535112736187609,,-0.055966074292215895,-3.42655493905286
1845,3.1861425788717463,0.6914885621742293,0.3269490033857776,-4.300289370738301,1.9220593936748733,1.8071535780428416
1846,-1.2836641698541316,-1.6753979833795547,6.81322867874993,4.009570049958247,5.6456437801140185,2.036738508000764
1847,-1.6685725273577399,1.8059631206430364,3.290662517557211,4.257446122488447,7.790931220738073,3.1458437608977494
1848,,,,,-0.8386962720829311,
1849,-0.9361298027514686,6.205783140698461,3.7963738241766873,,-0.6209235039181606,2.744463706964069
1850,-1.138278911858893,4.568374417246232,4.39128950734386,,-0.9728444381049548,4.688625996821522
1851,-1.1110715777890119,1.3539682673983566,5.48093946433014,-8.89739529759302,4.5054806465618595,-4.643242285245819
1852,3.3988131535283506,1.2203623987613248,-0.39414942961824284,-2.9036024304921684,-0.38822481001141096,6.416656356719509
1853,5.098614206001276,1.2919362416865734,-0.6476585427732338,-3.2858592791182595,7.894768541772934,6.7737492772364165
1854,4.645482566416377,1.7308424208431334,-1.4926988709017928,-6.0475689322323785,4.922554630229167,4.921617965083948
1855,2.7407825653484137,0.17701849445970264,-0.433026687637307,-8.5434250494332,-0.7240372788338535,6.0289553251499495
1856,-1.299172324177928,-1.1988673135420589,5.179204423193541,-2.951977788637504,2.9832094832314686,4.151213543878913
1857,-1.8737149032323503,0.4671366428632957,3.5025741273279705,-1.357032676019827,0.15524193187496516,-4.809203312219195
1858,-1.9463725281774784,0.9715274584431641,4.15891206304109,-7.052240497354316,-0.40292549463182703,-4.850487312843432
1859,0.9631672400593423,0.9516710858341841,3.955007221625218,-6.388169148964508,-0.036012777996648926,-3.5158748689883508
1860,-0.7166772966035686,6.003078641789644,3.8541715597885844,2.415331971743905,7.091495766007014,2.24996225223149
1861,-0.8470165056124892,3.5019453449036657,4.644577452112335,2.0803541944749577,5.355879764295334,4.148130815425614
1862,2.696437639213392,0.08579885827447575,-1.3493519074873654,-7.500981850900718,4.572325658936267,4.330495929565889
1863,2.39358292403858,-1.7261597469564953,0.9374642388830925,-4.369730480258078,7.431556753798869,5.454745571058891
1864,0.038943696760618485,-0.5155446171177671,5.816125863740669,-7.731741635862358,2.7445024704629963,-3.6900496388795343
1865,-1.3452338251288734,1.6830668910909987,3.8698118699910315,-6.127955875706373,1.0806422766211317,2.319298500979425
1866,0.8498838406131053,0.33779803707889644,4.466715633023073,-3.413310467769975,0.45927421797715984,-2.144850070598178
1867,0.35903627620014267,0.15333043720238915,4.563669817204693,-4.503703959674103,2.4935661969515435,-2.043847816712108
1868,4.641211001325233,-0.9245817231940288,,-5.886864400027047,5.235443659264785,3.2098627481880166
1869,5.057490733871531,-0.5262006757985285,-1.164671692368028,-5.617748513951398,0.579962827883457,3.1841652740444912
1870,-1.7317617382648063,1.5813849605461818,,-4.487814458336626,0.34003619858854117,-4.852437192375954
1871,3.0601859783784513,0.6658541148719224,-1.7657333460600688,-8.91835018963071,-0.17086762250419796,6.756637603705129
1872,2.08378019724307,1.149549333949606,0.20946713446038312,-8.339727059845213,0.5111890909347239,3.6636701630691375
1873,-0.7472543116386312,-0.18261515888306867,,-1.9457869849518348,0.26673939569791427,-0.22711152778986565
1874,2.328687000942264,0.5209910115823753,0.3809212667131636,-8.34475205378556,6.635421647667844,5.530563980451194
1875,5.8714401509721625,-1.0064612276228835,1.4876529842821087,-3.3353278619834272,6.265774779439601,5.504868467998182
1876,0.6373556202667714,0.8218450208513433,6.905826121987396,-1.6369010698560507,1.7092167682955883,2.593265638617197
1877,0.8341963858129422,-0.28959136200638813,6.818665435691603,4.889268499459259,0.15833286851187656,-4.16134041738113
1878,-0.597792392747744,-0.22981472380016665,6.200550367050866,1.0028244512811737,1.3088002056326842,-3.9456590962494604
1879,-0.15976360145445234,0.597291321987252,3.9666358200335963,1.0767975462697477,-0.736428644609322,-2.8361731076638947
1880,-1.4988933548694074,1.7451228535854966,3.2721494244339113,1.4593369068011997,-0.23484103977002968,-4.472280619329671
1881,0.9735059293747448,-1.743969212162711,4.267616674069868,0.8637877848637543,0.6296227963106369,-4.515198870997299
1882,3.181779364024231,1.298973960754257,0.30792889081196484,-6.809051124304829,2.7477971975605966,4.431218445061053
1883,5.076892674587679,-0.830463474857885,-0.6180728080276654,-6.014075436776343,0.5090097397319286,6.365817436156215
1884,4.4986544107910404,-0.2243189729623256,1.212048662878135,-4.4335682110148396,1.6562974540755662,3.851186695306426
1885,,,,,5.887025285194405,
1886,,,,,0.020351039047383335,
1887,-1.304980462004833,6.0910857196380075,4.067178329959298,,-0.4918631772609302,6.6707050836446165
1888,,-1.9123410405880925,5.02370328968537,-1.9421955230531331,-0.7658508831933594,-1.2281522197105361
1889,,-0.7958116551613859,6.110911680355025,-1.4627256642401107,0.22165599832200344,-1.7947101682111786
1890,0.8281956528870575,3.9477334372356494,6.43329178106503,,-0.3693534623382798,2.2867499425934366
1891,-0.05105803121477015,5.709572577733404,6.379456369618759,,-0.3039558246358255,1.444955302497051
1892,-0.17678735170322724,5.263126297669579,4.438702360366375,,2.0430379238498286,6.348723317167956
1893,-0.46193165478862475,6.716578881624569,5.748937430245911,,-0.9366448765322738,6.086087297648063
1894,-1.3079861252202136,4.549290182389594,4.251336914018209,,1.231241778830739,6.955539260948342
1895,,3.2646609237426074,3.2436223422940844,,0.5178473128680465,
1896,-1.4704111519172813,0.010527840720540249,5.806261116230555,-3.074395166889194,1.0262014234285013,-4.325595245545498
1897,-1.338536874395749,-1.7752902440207665,3.03931038884375,-8.275131254995104,1.2513222102624477,-3.4086496417932297
1898,-1.4406805186906877,-0.03561414569854304,4.636730456380116,-3.6352080333005157,0.2534727590291759,-3.615430813063341
1899,0.33875469266726355,1.7084429360614048,4.3175171981459455,-5.6969680753909815,0.1804374746210109,-1.848282194401801
1900,3.52775878152971,-1.5784219650000333,0.16111822569382217,1.8968288864066587,5.983277936055327,5.076361159943211
1901,2.822749335269947,1.0577642716600721,-1.68287354821479,4.554171263587723,6.928951680512839,6.620127605672892
1902,2.4855459895304506,-0.3613123798442679,0.2634047466289504,3.076739758078357,4.3510917387478525,5.9616942753345255
1903,4.46005201101017,0.6206968480100603,1.6320747124903414,2.059733591442692,6.672722677751252,6.066558110943172
1904,5.098535203834824,-0.9590493390556547,-0.4147460142669597,4.672054067481248,7.583248414988775,4.414849733524192
1905,-0.9496204722230472,3.07662211908744,5.773510209370745,,4.231152873037223,3.2941880330299194
1906,4.575617142598899,-1.362026099458889,-0.8146927316598174,0.24232253515435814,4.562613434420612,6.607348482466051
1907,-1.826466533337892,6.307434275114797,6.064981933196075,,6.866527772358981,3.5927034633361314
1908,4.121208702404308,-1.3581446981390919,-1.4261172290883386,-5.215899947040185,1.9336081665785134,4.232916536169437
1909,2.1678052392695566,-1.7180268534515075,-1.394213015447015,-8.57359308619958,2.4851083239003593,3.676686242295098
1910,5.873955121742805,-1.2574084809505854,-0.268910789288205,-7.443241118175694,-0.22967114045126857,4.388910197678334
1911,5.194856839216799,0.6568794776681097,0.3827216298843019,-2.6685723382347852,-0.6095223541401296,3.823030855903716
1912,3.1712884018643623,1.526763130110137,-1.6775330737658218,-5.3492523594826125,2.5911835204667755,1.2878060382229248
1913,5.9198813246595785,1.2565038150023085,1.7582747048363527,-6.562304322684402,0.3995837303929002,6.292289201130419
1914,0.9073080687240063,5.098942636353415,,1.0513820288393787,,
1915,0.6513583255350455,0.740539056514981,4.21637866938253,2.8294436517988384,1.2052708572743127,3.6663633142796597
1916,0.783257266510496,6.10097624787158,,3.0777636706059424,,
1917,0.9847234973250829,3.9377025381073487,,0.19778891843799512,,
1918,-1.478309485082164,4.380335100158481,,2.0151946507682537,,
1919,-0.8112704591444113,3.120415663753306,,3.2457703303179457,,
1920,0.27471682226209215,-1.5582674128636997,6.246508091750009,3.4903531676089155,0.4381744260460245,4.533662187558498
1921,4.407526502136134,-0.8432461128814197,1.0205358828480204,-5.906326954994963,-0.4967881322170489,1.835127437492511
1922,4.329690783438157,-0.7607685157652972,0.34649805863237204,-2.159717066287799,1.3573277647281257,1.02032780679936
1923,,,,,1.100564777231025,
1924,0.08806360835605553,-1.0001678860845964,4.175667169352575,-2.9992386689035637,5.749126643717904,2.4717411062698416
1925,-1.5383073983094804,0.060025437629013245,4.785305539794015,-6.796053791026239,5.614194537035842,5.227516405896181
1926,0.44750043775627657,0.14221793973016195,5.90807415728516,-8.029153543714065,4.547866615995313,-2.9879701488995747
1927,-1.3266738089160057,-0.5724523880533245,5.771680972276958,-6.957881376546202,-0.18802346356303135,1.5951678304709014
1928,-1.3285426763631776,6.845969305240802,6.949473891526731,,6.027080207344927,6.45332470804261
1929,,5.671471686698915,3.900644236595762,,0.8074777601791518,-4.539923257560659
1930,-0.389074059306288,-0.5848396359210102,5.6492717150548595,-1.6311798689972834,2.187790601947655,-2.0593909160286694
1931,-0.22117784642543947,1.314223380990301,5.4387277034918515,-4.3326713155590975,1.3617055942108431,-3.447938575901166
1932,-0.25973895326123086,1.1571726092209615,6.660393833270998,-4.715859582872676,-0.6123280859888387,2.290135982378489
1933,-1.7255342449874842,-0.7688126787269229,3.62544871871851,-4.214750453043594,1.1920872930495252,-3.99167667437995
1934,4.99229280858151,1.6551542729999797,1.3137556737966978,-6.049624877988231,1.8109540548734524,2.2275622595149356
1935,0.6323832950361499,1.8112603403036431,6.007192699107674,-2.536404758061992,2.170814221253944,-3.5347546702178465
1936,5.2470792202502405,-0.6930259466668238,-1.679247664722145,-4.797055113264786,1.5164713846764568,2.089048360146028
1937,-1.2031956341816517,-0.5822964793635321,5.273074542932159,-8.035158703038746,-0.389364896927582,-3.03852856194325
1938,4.625914553225147,0.022539466558750165,-0.0926414700257141,-7.937051251897458,1.8406939026229885,1.0838909890898574
1939,-1.6114502127836094,6.73282036308281,4.098663609956107,3.1907000346348537,4.5061813235435535,5.630832975476926
1940,0.6662448816160211,1.7644835899128612,4.8977397513674585,1.6028171020241992,5.906481872434477,-3.666192695912462
1941,2.5123832999377465,1.5052784463011804,0.5203746420936299,-4.688946130361688,1.7093683153197714,6.2502072776150595
1942,3.3530702626475106,-1.589722970792999,1.3146126132775897,-1.5052222165898534,-0.9022896533312859,4.684976494019901
1943,5.712334587242539,-0.42907352250396347,1.133879489744139,-6.509019005877621,7.054461217161066,2.129200475668958
1944,0.8669547506142024,0.2134873363906109,4.335106508423833,0.46760192576291587,5.033057498429798,2.7116684972080947
1945,0.5863836474259718,4.061985762174367,5.3172536870191465,,0.6469923676967209,-4.076987419316771
1946,2.8984627270361756,5.44585451497008,6.556002463275945,-0.07007803465148787,5.923144719535609,3.8555605622286624
1947,3.4886683217929053,5.7139999311488605,5.277220015318998,-0.4549152745296139,7.96806387830725,6.726075742672231
1948,0.4285493234132931,0.012532757513696646,5.526889739720362,-2.03911282426096,0.33180291254631,-3.4413873938101327
1949,3.7283077366117245,-1.2245430762227167,-0.891718829280312,-2.878993542576798,1.6776492108887708,2.484108773827543
1950,3.7576201609696938,1.4352678994083654,1.7635210194036792,-6.991221368383268,-0.1354544890046262,5.389875617095842
1951,-0.03427206856417464,4.270198924101304,5.074991475246344,,1.3634888723899492,3.636689744110055
1952,4.451758469580621,0.7077649962873418,-1.5026115810789769,-8.675606763345344,2.652824097691096,2.7870845966560784
1953,5.77230337150988,,,,,
1954,-0.3474252962743898,1.3516344348004783,3.204662196891745,-8.153843222222903,2.1912100722528773,-4.981025715583544
1955,-1.7390344514776124,1.4350579324365536,3.9314343658482627,-3.1625629536671234,6.746601721670391,3.735496014606274
1956,-0.7746369471082677,6.392436967454025,,2.1355630585982897,,
1957,-0.881930828893636,6.788645861129728,,0.6437734437813014,,
1958,-1.2207343769293844,0.9934248668431025,4.968007009339148,-7.374681051286277,2.685831171490964,-1.9233961163671291
1959,0.17026193714428417,-0.24315435881526493,4.240941259368828,-6.0078668019309305,2.9140239297493675,
1960,2.9627711211922003,0.44218926750626397,1.500535195059604,-4.9689975942210705,-0.9573166373756002,1.4272409752299593
1961,,6.539420491548885,3.7270545386029674,,1.4909661940474008,-4.365006670917609
1962,2.4860058220550347,-1.3585335301840593,1.8837611661155698,-3.1866633660349386,0.6513592852213097,5.792124370798504
1963,2.7898822488910495,0.6945835532164149,,-8.063169277297002,7.365427099525407,2.4598121137399445
1964,5.547699641620294,-1.2829822407033187,,-5.728329050585013,5.659390479004459,5.352472937231057
1965,-0.5123698855791983,5.956267950813334,5.0165314570968835,,2.4394183657145456,1.4100909007335927
1966,4.583243378367554,0.7758001281867271,-1.291381158652869,-5.101426779547087,0.007260966840806127,6.730591369383654
1967,,4.109858849199573,4.291239295913763,,7.071443713435039,
1968,,4.126464297973641,4.032430706484203,,4.162036778281076,
1969,,,,,2.9241180111975735,
1970,-1.7568560492073941,-1.0816029111733654,4.855941766424714,-4.657341417277022,1.454832992777068,-4.880643552165046
1971,-1.3394458940082572,6.853441288391637,3.5331371886294956,4.738118368166385,4.491644809254708,2.1580904945506854
1972,0.04977811881917549,3.041138162224963,6.710982945331738,-2.4467689558945,4.812282443538128,6.2964525418261745
1973,,5.864199944175237,6.470808415535146,,2.1741502046398598,-2.405583536583516
1974,,5.824984703195696,5.830482395688929,,-0.6575991503095839,-1.9175583488476056
1975,3.143627414511292,-1.5297897069918527,0.8882658607075766,-7.597635458014738,-0.2661661049243752,5.8568393951286
1976,5.26378782225757,-1.338857222478098,-1.838852386597792,-2.530634615383618,2.033615389235761,6.807159567672654
1977,-1.7716020900940528,-1.9920256998512484,3.424855471536424,-3.446242708116954,-0.9120510898951383,-1.755638810086356
1978,0.5536216007967776,0.8749600945027087,6.103509058296366,-4.537516997192947,2.2675124719530455,-3.0557680254087356
1979,-0.5145575055654965,0.9296057404851454,6.23182934706845,-3.3932794772686456,-0.9442010800934776,-4.2252878472072375
1980,-0.5582372706053749,0.05973619886044168,6.071058512737952,-5.683315821172458,1.6284763455900049,-2.0665522860016683
1981,5.445480035453943,,,,3.789864658930695,3.867344342296681
1982,-0.2227742939010806,,3.455863708261582,,,5.364383959716946
1983,0.47404390950102804,-1.3545439561972326,5.575631892487583,,0.46037751287709683,-2.218818255535769
1984,-0.9565686126512625,5.490758231842177,6.337299212874942,,5.607807752385939,3.224264396162898
1985,0.034050315771474216,-1.6657773613613682,5.3094136810974355,,1.445980531864574,-4.0592707144919045
1986,-0.30280160195227124,-1.9234784738710693,5.585629564678143,,1.784126505023541,-1.3920530051123943
1987,5.386057410119356,2.895674815246144,-0.37830526827607636,-7.862717609883977,3.618346375871689,2.106210016471965
1988,-1.1989109596814769,,,,,
1989,5.675706163799286,-1.3370024778648741,,-3.6622009573215344,7.382979527211996,3.658455999336388
1990,0.6358906594637401,1.563422769780041,4.833454015382259,,0.36990277395880056,-4.635217966613152
1991,3.008964350390456,-1.0338482562778784,,-4.786015078705931,5.385064262097891,1.9944946941154582
1992,5.020167803335051,-0.5829109647803743,,-3.8724024754084043,6.618484805204119,6.892267749670367
1993,3.842158183665784,-1.5786128992304618,0.0651359882078546,-6.272881492916018,-0.5681476336829268,1.577479598764488
1994,0.39227923382834207,6.960435386131203,5.114829364527656,,-0.721413844575036,-1.0702657625633543
1995,-0.02464252502928832,4.247517867148408,3.1375076075443546,,1.3557452763289286,4.535270637036754
1996,5.367994268547215,-1.1105502934343372,0.3225833236379081,-1.7418135898294151,1.0826227980313512,4.75878340097364
1997,0.5517460495409947,0.07690105756458165,5.555852153001416,-4.286625040944193,1.9688047803344373,-1.5672325575073303
1998,4.913962806572729,0.43101299595111864,1.7437493626855554,2.3758550872811517,1.0389434546186307,4.228477590449419
1999,5.105789866628429,-1.0185863884379698,0.6890046405422281,-8.284826939657286,0.6897848265910391,4.9731155579523145
